{"stats":{"minecraft:picked_up":{"minecraft:wooden_axe":1,"minecraft:crafting_table":4,"minecraft:leather_chestplate":1,"minecraft:feather":8,"minecraft:chicken":3,"minecraft:suspicious_stew":1,"minecraft:andesite":28,"minecraft:wooden_pickaxe":1,"minecraft:birch_planks":1,"alexsmobs:bear_fur":2,"alexsmobs:bison_fur":1,"minecraft:flint":1,"minecraft:oak_log":193,"minecraft:shield":2,"minecraft:dirt":84,"minecraft:cooked_mutton":2,"minecraft:bone":4,"minecraft:apple":8,"minecraft:wheat_seeds":4,"minecraft:gold_nugget":90,"minecraft:cobbled_deepslate":6,"minecraft:stone_pickaxe":2,"minecraft:spruce_planks":2,"minecraft:beef":6,"minecraft:birch_sapling":6,"minecraft:sugar_cane":8,"minecraft:oak_planks":5,"minecraft:egg":1,"minecraft:furnace":1,"minecraft:spruce_pressure_plate":1,"minecraft:stick":55,"minecraft:raw_iron":4,"minecraft:acacia_log":8,"minecraft:torch":12,"minecraft:quartz":29,"minecraft:gravel":9,"minecraft:porkchop":5,"minecraft:spruce_sapling":32,"minecraft:diorite":22,"minecraft:spruce_log":107,"minecraft:stone_sword":1,"minecraft:arrow":3,"minecraft:rotten_flesh":4,"minecraft:stone_axe":1,"minecraft:granite":27,"minecraft:gray_wool":1,"minecraft:oak_sapling":60,"minecraft:netherrack":59,"minecraft:mutton":5,"minecraft:coal":9,"minecraft:white_wool":3,"minecraft:cobblestone":292,"minecraft:birch_log":19},"minecraft:killed":{"minecraft:pig":2,"alexsmobs:raccoon":1,"alexsmobs:seagull":2,"minecraft:sheep":4,"alexsmobs:blue_jay":1,"minecraft:zombie":2,"minecraft:chicken":3,"alexsmobs:crow":1},"minecraft:mined":{"minecraft:nether_gold_ore":23,"minecraft:spruce_planks":2,"minecraft:crafting_table":4,"minecraft:torch":3,"minecraft:granite":25,"minecraft:acacia_log":8,"minecraft:grass_block":24,"minecraft:nether_quartz_ore":29,"minecraft:tall_grass":4,"minecraft:cobblestone":23,"minecraft:spruce_leaves":6,"minecraft:oak_planks":2,"minecraft:diorite":34,"minecraft:wall_torch":6,"minecraft:large_fern":1,"minecraft:birch_planks":1,"minecraft:furnace":1,"minecraft:iron_ore":4,"minecraft:birch_log":24,"minecraft:fire":2,"minecraft:andesite":22,"minecraft:spruce_log":110,"minecraft:grass":6,"minecraft:oak_log":212,"minecraft:coal_ore":8,"minecraft:gravel":11,"minecraft:dirt":54,"minecraft:stone":261,"minecraft:netherrack":36,"minecraft:oak_leaves":14},"minecraft:crafted":{"minecraft:cooked_beef":5,"minecraft:oak_planks":56,"minecraft:crafting_table":3,"minecraft:spruce_planks":16,"minecraft:wooden_pickaxe":2,"minecraft:furnace":2,"minecraft:stone_axe":4,"minecraft:cooked_mutton":1,"minecraft:air":0,"minecraft:flint_and_steel":1,"minecraft:charcoal":5,"minecraft:stick":16,"minecraft:stone_pickaxe":3,"minecraft:wooden_axe":2,"minecraft:chest":2,"minecraft:torch":32},"minecraft:used":{"minecraft:cooked_mutton":1,"minecraft:stone_sword":34,"minecraft:flint_and_steel":9,"minecraft:stone_pickaxe":426,"minecraft:oak_planks":1,"minecraft:chest":2,"minecraft:wooden_pickaxe":49,"minecraft:shield":1,"minecraft:torch":20,"minecraft:dirt":39,"minecraft:crafting_table":5,"minecraft:granite":3,"minecraft:spruce_log":2,"minecraft:wooden_axe":110,"minecraft:apple":8,"minecraft:birch_sapling":6,"minecraft:suspicious_stew":1,"minecraft:stone_axe":382,"minecraft:cobblestone":103,"minecraft:oak_sapling":20,"minecraft:furnace":3,"alexsmobs:animal_dictionary":4,"minecraft:egg":1,"minecraft:cooked_beef":1},"minecraft:killed_by":{"alexsmobs:crocodile":1,"minecraft:skeleton":1,"minecraft:zombie":1,"mokey:mokey":1,"goatman:goatman":4,"mimicer:mimicer":1},"minecraft:broken":{"minecraft:stone_pickaxe":2,"minecraft:wooden_axe":1},"minecraft:dropped":{"minecraft:bowl":1,"alexsmobs:bison_fur":1,"minecraft:spruce_pressure_plate":1,"minecraft:oak_sapling":15,"minecraft:spruce_log":1,"minecraft:spruce_sapling":32},"minecraft:custom":{"minecraft:interact_with_furnace":21,"minecraft:mob_kills":17,"minecraft:interact_with_crafting_table":14,"minecraft:leave_game":2,"minecraft:time_since_death":876,"minecraft:sleep_in_bed":4,"minecraft:time_since_rest":1000,"minecraft:sprint_one_cm":269815,"minecraft:damage_taken":2466,"minecraft:walk_one_cm":707516,"minecraft:damage_blocked_by_shield":30,"minecraft:drop":6,"minecraft:damage_dealt":2377,"minecraft:swim_one_cm":13848,"minecraft:fly_one_cm":130049,"minecraft:open_chest":25,"minecraft:crouch_one_cm":46944,"minecraft:play_time":175699,"minecraft:sneak_time":13795,"minecraft:deaths":9,"minecraft:walk_under_water_one_cm":8475,"minecraft:boat_one_cm":477247,"minecraft:jump":1591,"minecraft:walk_on_water_one_cm":19016,"minecraft:total_world_time":175699,"minecraft:fall_one_cm":20688}},"DataVersion":3120}