{"stats":{"minecraft:picked_up":{"minecraft:wooden_axe":1,"minecraft:crafting_table":4,"minecraft:leather_chestplate":1,"minecraft:feather":8,"minecraft:chicken":3,"minecraft:suspicious_stew":1,"minecraft:andesite":5,"minecraft:wooden_pickaxe":1,"minecraft:birch_planks":1,"alexsmobs:bear_fur":2,"alexsmobs:bison_fur":1,"minecraft:oak_log":114,"minecraft:shield":2,"minecraft:dirt":65,"minecraft:cooked_mutton":2,"minecraft:bone":4,"minecraft:apple":5,"minecraft:wheat_seeds":3,"minecraft:gold_nugget":90,"minecraft:cobbled_deepslate":6,"minecraft:stone_pickaxe":2,"minecraft:spruce_planks":2,"minecraft:beef":6,"minecraft:sugar_cane":8,"minecraft:oak_planks":5,"minecraft:egg":1,"minecraft:furnace":1,"minecraft:spruce_pressure_plate":1,"minecraft:stick":34,"minecraft:raw_iron":4,"minecraft:acacia_log":8,"minecraft:torch":12,"minecraft:quartz":29,"minecraft:porkchop":5,"minecraft:spruce_sapling":32,"minecraft:diorite":19,"minecraft:spruce_log":107,"minecraft:stone_sword":1,"minecraft:arrow":3,"minecraft:rotten_flesh":4,"minecraft:stone_axe":1,"minecraft:granite":21,"minecraft:gray_wool":1,"minecraft:oak_sapling":30,"minecraft:netherrack":59,"minecraft:mutton":5,"minecraft:coal":9,"minecraft:white_wool":3,"minecraft:cobblestone":275},"minecraft:killed":{"minecraft:pig":2,"alexsmobs:raccoon":1,"alexsmobs:seagull":2,"minecraft:sheep":4,"alexsmobs:blue_jay":1,"minecraft:zombie":2,"minecraft:chicken":3,"alexsmobs:crow":1},"minecraft:mined":{"minecraft:nether_gold_ore":23,"minecraft:spruce_planks":2,"minecraft:crafting_table":4,"minecraft:torch":3,"minecraft:granite":22,"minecraft:acacia_log":8,"minecraft:grass_block":21,"minecraft:nether_quartz_ore":29,"minecraft:tall_grass":4,"minecraft:cobblestone":23,"minecraft:spruce_leaves":6,"minecraft:oak_planks":2,"minecraft:diorite":31,"minecraft:wall_torch":6,"minecraft:large_fern":1,"minecraft:birch_planks":1,"minecraft:furnace":1,"minecraft:iron_ore":4,"minecraft:birch_log":5,"minecraft:fire":1,"minecraft:andesite":3,"minecraft:spruce_log":110,"minecraft:grass":4,"minecraft:oak_log":132,"minecraft:coal_ore":8,"minecraft:dirt":40,"minecraft:stone":250,"minecraft:netherrack":36,"minecraft:oak_leaves":7},"minecraft:crafted":{"minecraft:cooked_beef":5,"minecraft:oak_planks":56,"minecraft:crafting_table":3,"minecraft:spruce_planks":16,"minecraft:wooden_pickaxe":2,"minecraft:furnace":2,"minecraft:stone_axe":3,"minecraft:cooked_mutton":1,"minecraft:air":0,"minecraft:charcoal":5,"minecraft:stick":16,"minecraft:stone_pickaxe":3,"minecraft:wooden_axe":2,"minecraft:chest":2,"minecraft:torch":32},"minecraft:used":{"minecraft:cooked_mutton":1,"minecraft:stone_sword":34,"minecraft:stone_pickaxe":390,"minecraft:oak_planks":1,"minecraft:chest":2,"minecraft:wooden_pickaxe":49,"minecraft:shield":1,"minecraft:torch":19,"minecraft:dirt":26,"minecraft:crafting_table":5,"minecraft:granite":3,"minecraft:spruce_log":2,"minecraft:wooden_axe":110,"minecraft:apple":5,"minecraft:suspicious_stew":1,"minecraft:stone_axe":244,"minecraft:cobblestone":98,"minecraft:furnace":3,"alexsmobs:animal_dictionary":4,"minecraft:egg":1,"minecraft:cooked_beef":1},"minecraft:killed_by":{"alexsmobs:crocodile":1,"minecraft:skeleton":1,"mokey:mokey":1,"goatman:goatman":4},"minecraft:broken":{"minecraft:stone_pickaxe":2,"minecraft:wooden_axe":1},"minecraft:dropped":{"minecraft:bowl":1,"alexsmobs:bison_fur":1,"minecraft:spruce_pressure_plate":1,"minecraft:oak_sapling":15,"minecraft:spruce_log":1,"minecraft:spruce_sapling":32},"minecraft:custom":{"minecraft:interact_with_furnace":20,"minecraft:mob_kills":17,"minecraft:interact_with_crafting_table":10,"minecraft:leave_game":2,"minecraft:time_since_death":25597,"minecraft:sleep_in_bed":3,"minecraft:time_since_rest":18485,"minecraft:sprint_one_cm":213070,"minecraft:damage_taken":1976,"minecraft:walk_one_cm":597701,"minecraft:damage_blocked_by_shield":30,"minecraft:drop":6,"minecraft:damage_dealt":2070,"minecraft:swim_one_cm":13848,"minecraft:fly_one_cm":111386,"minecraft:open_chest":12,"minecraft:crouch_one_cm":46944,"minecraft:play_time":151699,"minecraft:sneak_time":13795,"minecraft:deaths":7,"minecraft:walk_under_water_one_cm":8475,"minecraft:boat_one_cm":477247,"minecraft:jump":1326,"minecraft:walk_on_water_one_cm":18969,"minecraft:total_world_time":151699,"minecraft:fall_one_cm":19877}},"DataVersion":3120}