{"stats":{"minecraft:killed":{"minecraft:sheep":4,"alexsmobs:blue_jay":1,"minecraft:pig":2,"minecraft:chicken":1,"alexsmobs:raccoon":1,"alexsmobs:crow":1},"minecraft:picked_up":{"minecraft:wooden_axe":1,"minecraft:stick":18,"minecraft:crafting_table":2,"minecraft:feather":3,"minecraft:chicken":1,"minecraft:torch":7,"minecraft:wooden_pickaxe":1,"alexsmobs:bison_fur":1,"alexsmobs:bear_fur":2,"minecraft:porkchop":5,"minecraft:oak_log":6,"minecraft:spruce_sapling":32,"minecraft:spruce_log":106,"minecraft:shield":1,"minecraft:dirt":30,"minecraft:cooked_mutton":2,"minecraft:stone_sword":1,"minecraft:stone_axe":1,"minecraft:spruce_planks":1,"minecraft:beef":6,"minecraft:gray_wool":1,"minecraft:oak_sapling":5,"minecraft:mutton":5,"minecraft:coal":6,"minecraft:furnace":1,"minecraft:white_wool":3,"minecraft:cobblestone":55},"minecraft:killed_by":{"alexsmobs:crocodile":1,"goatman:goatman":2},"minecraft:crafted":{"minecraft:charcoal":2,"minecraft:crafting_table":1,"minecraft:spruce_planks":16,"minecraft:stick":8,"minecraft:wooden_pickaxe":1,"minecraft:stone_pickaxe":1,"minecraft:wooden_axe":1,"minecraft:furnace":1,"minecraft:torch":8,"minecraft:cooked_mutton":1,"minecraft:air":0,"minecraft:cooked_beef":5},"minecraft:mined":{"minecraft:large_fern":1,"minecraft:spruce_planks":2,"minecraft:furnace":1,"minecraft:fire":1,"minecraft:spruce_log":109,"minecraft:crafting_table":2,"minecraft:torch":1,"minecraft:grass":1,"minecraft:oak_log":5,"minecraft:grass_block":15,"minecraft:coal_ore":5,"minecraft:dirt":19,"minecraft:tall_grass":1,"minecraft:spruce_leaves":6,"minecraft:stone":55,"minecraft:wall_torch":6},"minecraft:custom":{"minecraft:time_since_rest":10155,"minecraft:interact_with_furnace":8,"minecraft:sprint_one_cm":87439,"minecraft:damage_taken":760,"minecraft:walk_one_cm":246699,"minecraft:mob_kills":10,"minecraft:damage_dealt":1430,"minecraft:swim_one_cm":12162,"minecraft:interact_with_crafting_table":3,"minecraft:fly_one_cm":35116,"minecraft:crouch_one_cm":2586,"minecraft:play_time":58149,"minecraft:deaths":3,"minecraft:sneak_time":1024,"minecraft:walk_under_water_one_cm":4394,"minecraft:boat_one_cm":298223,"minecraft:jump":542,"minecraft:leave_game":1,"minecraft:time_since_death":10096,"minecraft:walk_on_water_one_cm":10997,"minecraft:total_world_time":58149,"minecraft:fall_one_cm":6686},"minecraft:used":{"minecraft:wooden_axe":42,"minecraft:stone_sword":24,"minecraft:stone_pickaxe":42,"minecraft:wooden_pickaxe":23,"minecraft:torch":6,"minecraft:stone_axe":126,"minecraft:dirt":21,"minecraft:crafting_table":2,"minecraft:furnace":1,"alexsmobs:animal_dictionary":4}},"DataVersion":3120}