{"stats":{"minecraft:killed":{"alexsmobs:blue_jay":1,"minecraft:chicken":1,"alexsmobs:crow":1},"minecraft:picked_up":{"minecraft:wooden_axe":1,"minecraft:stick":16,"minecraft:crafting_table":2,"minecraft:feather":3,"minecraft:chicken":1,"minecraft:torch":7,"minecraft:wooden_pickaxe":1,"minecraft:oak_log":5,"minecraft:spruce_sapling":32,"minecraft:spruce_log":106,"minecraft:shield":1,"minecraft:dirt":22,"minecraft:stone_sword":1,"minecraft:stone_axe":1,"minecraft:spruce_planks":1,"minecraft:oak_sapling":4,"minecraft:coal":4,"minecraft:cobblestone":55},"minecraft:killed_by":{"goatman:goatman":2},"minecraft:crafted":{"minecraft:charcoal":2,"minecraft:crafting_table":1,"minecraft:spruce_planks":16,"minecraft:stick":8,"minecraft:wooden_pickaxe":1,"minecraft:stone_pickaxe":1,"minecraft:wooden_axe":1,"minecraft:furnace":1,"minecraft:torch":8},"minecraft:mined":{"minecraft:large_fern":1,"minecraft:spruce_planks":2,"minecraft:spruce_log":109,"minecraft:crafting_table":2,"minecraft:torch":1,"minecraft:grass":1,"minecraft:oak_log":5,"minecraft:grass_block":8,"minecraft:coal_ore":5,"minecraft:dirt":18,"minecraft:spruce_leaves":6,"minecraft:stone":55,"minecraft:wall_torch":5},"minecraft:custom":{"minecraft:time_since_rest":22686,"minecraft:interact_with_furnace":4,"minecraft:sprint_one_cm":36301,"minecraft:damage_taken":600,"minecraft:walk_one_cm":159882,"minecraft:mob_kills":3,"minecraft:damage_dealt":320,"minecraft:swim_one_cm":11718,"minecraft:interact_with_crafting_table":3,"minecraft:fly_one_cm":9389,"minecraft:crouch_one_cm":1877,"minecraft:play_time":46149,"minecraft:deaths":2,"minecraft:sneak_time":877,"minecraft:walk_under_water_one_cm":4038,"minecraft:boat_one_cm":298223,"minecraft:jump":326,"minecraft:leave_game":1,"minecraft:time_since_death":22595,"minecraft:walk_on_water_one_cm":7415,"minecraft:total_world_time":46149,"minecraft:fall_one_cm":4120},"minecraft:used":{"minecraft:wooden_axe":25,"minecraft:stone_pickaxe":39,"minecraft:wooden_pickaxe":23,"minecraft:torch":6,"minecraft:stone_axe":126,"minecraft:dirt":21,"minecraft:crafting_table":2,"minecraft:furnace":1,"alexsmobs:animal_dictionary":4}},"DataVersion":3120}