{"stats":{"minecraft:mined":{"minecraft:large_fern":1,"minecraft:spruce_planks":2,"minecraft:spruce_log":109,"minecraft:crafting_table":2,"minecraft:grass_block":7,"minecraft:coal_ore":4,"minecraft:dirt":16,"minecraft:spruce_leaves":6,"minecraft:stone":54,"minecraft:wall_torch":2},"minecraft:custom":{"minecraft:time_since_rest":4946,"minecraft:sprint_one_cm":11604,"minecraft:interact_with_furnace":4,"minecraft:damage_taken":550,"minecraft:walk_one_cm":110969,"minecraft:damage_dealt":100,"minecraft:interact_with_crafting_table":3,"minecraft:fly_one_cm":3147,"minecraft:deaths":2,"minecraft:crouch_one_cm":1506,"minecraft:play_time":28409,"minecraft:sneak_time":785,"minecraft:jump":231,"minecraft:leave_game":1,"minecraft:time_since_death":4855,"minecraft:total_world_time":28409,"minecraft:fall_one_cm":2626},"minecraft:used":{"minecraft:wooden_axe":17,"minecraft:stone_pickaxe":37,"minecraft:wooden_pickaxe":23,"minecraft:stone_axe":120,"minecraft:torch":6,"minecraft:dirt":17,"minecraft:crafting_table":2,"minecraft:furnace":1,"alexsmobs:animal_dictionary":4},"minecraft:picked_up":{"minecraft:wooden_axe":1,"minecraft:stick":14,"minecraft:crafting_table":2,"minecraft:torch":3,"minecraft:wooden_pickaxe":1,"minecraft:spruce_sapling":32,"minecraft:spruce_log":106,"minecraft:dirt":18,"minecraft:stone_sword":1,"minecraft:stone_axe":1,"minecraft:spruce_planks":1,"minecraft:coal":3,"minecraft:cobblestone":54},"minecraft:crafted":{"minecraft:charcoal":2,"minecraft:crafting_table":1,"minecraft:spruce_planks":16,"minecraft:stick":8,"minecraft:wooden_pickaxe":1,"minecraft:stone_pickaxe":1,"minecraft:wooden_axe":1,"minecraft:furnace":1,"minecraft:torch":8},"minecraft:killed_by":{"goatman:goatman":2}},"DataVersion":3120}