{"stats":{"minecraft:killed":{"minecraft:pig":2,"alexsmobs:raccoon":1,"minecraft:sheep":4,"alexsmobs:blue_jay":1,"minecraft:chicken":1,"alexsmobs:crow":1},"minecraft:picked_up":{"minecraft:wooden_axe":1,"minecraft:crafting_table":2,"minecraft:feather":3,"minecraft:chicken":1,"minecraft:wooden_pickaxe":1,"alexsmobs:bear_fur":2,"alexsmobs:bison_fur":1,"minecraft:oak_log":6,"minecraft:shield":1,"minecraft:dirt":30,"minecraft:cooked_mutton":2,"minecraft:bone":2,"minecraft:cobbled_deepslate":6,"minecraft:spruce_planks":1,"minecraft:beef":6,"minecraft:oak_planks":2,"minecraft:furnace":1,"minecraft:spruce_pressure_plate":1,"minecraft:stick":18,"minecraft:raw_iron":2,"minecraft:torch":8,"minecraft:porkchop":5,"minecraft:spruce_sapling":32,"minecraft:diorite":8,"minecraft:spruce_log":107,"minecraft:stone_sword":1,"minecraft:arrow":2,"minecraft:stone_axe":1,"minecraft:granite":3,"minecraft:gray_wool":1,"minecraft:oak_sapling":5,"minecraft:mutton":5,"minecraft:coal":6,"minecraft:white_wool":3,"minecraft:cobblestone":143},"minecraft:broken":{"minecraft:stone_pickaxe":1},"minecraft:killed_by":{"alexsmobs:crocodile":1,"minecraft:skeleton":1,"goatman:goatman":3},"minecraft:crafted":{"minecraft:cooked_beef":5,"minecraft:crafting_table":1,"minecraft:spruce_planks":16,"minecraft:wooden_pickaxe":1,"minecraft:furnace":1,"minecraft:stone_axe":1,"minecraft:cooked_mutton":1,"minecraft:air":0,"minecraft:charcoal":2,"minecraft:stick":8,"minecraft:stone_pickaxe":2,"minecraft:wooden_axe":1,"minecraft:torch":8},"minecraft:mined":{"minecraft:spruce_planks":2,"minecraft:crafting_table":2,"minecraft:torch":2,"minecraft:granite":3,"minecraft:grass_block":15,"minecraft:tall_grass":1,"minecraft:cobblestone":10,"minecraft:spruce_leaves":6,"minecraft:oak_planks":1,"minecraft:diorite":14,"minecraft:wall_torch":6,"minecraft:large_fern":1,"minecraft:furnace":1,"minecraft:iron_ore":2,"minecraft:fire":1,"minecraft:spruce_log":110,"minecraft:grass":1,"minecraft:coal_ore":5,"minecraft:oak_log":5,"minecraft:dirt":19,"minecraft:stone":135},"minecraft:custom":{"minecraft:interact_with_furnace":10,"minecraft:mob_kills":11,"minecraft:interact_with_crafting_table":5,"minecraft:leave_game":1,"minecraft:time_since_death":19864,"minecraft:sleep_in_bed":2,"minecraft:time_since_rest":14226,"minecraft:sprint_one_cm":100795,"minecraft:damage_taken":1370,"minecraft:walk_one_cm":371503,"minecraft:drop":1,"minecraft:damage_dealt":1584,"minecraft:swim_one_cm":12162,"minecraft:fly_one_cm":39977,"minecraft:open_chest":6,"minecraft:crouch_one_cm":45793,"minecraft:play_time":94149,"minecraft:deaths":5,"minecraft:sneak_time":13331,"minecraft:walk_under_water_one_cm":4447,"minecraft:boat_one_cm":298223,"minecraft:jump":761,"minecraft:walk_on_water_one_cm":11610,"minecraft:total_world_time":94149,"minecraft:fall_one_cm":10647},"minecraft:dropped":{"minecraft:spruce_log":1},"minecraft:used":{"minecraft:cooked_mutton":1,"minecraft:stone_sword":33,"minecraft:stone_pickaxe":151,"minecraft:oak_planks":1,"minecraft:wooden_pickaxe":23,"minecraft:torch":15,"minecraft:dirt":21,"minecraft:crafting_table":2,"minecraft:spruce_log":2,"minecraft:wooden_axe":42,"minecraft:stone_axe":129,"minecraft:cobblestone":88,"minecraft:furnace":2,"alexsmobs:animal_dictionary":4,"minecraft:cooked_beef":1}},"DataVersion":3120}