{"stats":{"minecraft:picked_up":{"minecraft:wooden_axe":1,"minecraft:crafting_table":5,"minecraft:chicken":4,"minecraft:suspicious_stew":1,"minecraft:wooden_pickaxe":2,"minecraft:shield":2,"minecraft:string":3,"minecraft:gold_nugget":90,"minecraft:cobbled_deepslate":6,"minecraft:spruce_planks":2,"minecraft:beef":15,"minecraft:oak_boat":1,"minecraft:cobblestone_slab":26,"minecraft:sugar_cane":8,"minecraft:birch_sapling":9,"minecraft:egg":1,"minecraft:furnace":1,"minecraft:spruce_pressure_plate":1,"minecraft:stick":137,"minecraft:raw_iron":21,"minecraft:torch":22,"minecraft:acacia_log":8,"minecraft:porkchop":23,"minecraft:diorite":23,"minecraft:stone_sword":1,"minecraft:arrow":6,"minecraft:rotten_flesh":16,"minecraft:hay_block":5,"minecraft:mutton":7,"minecraft:white_wool":6,"minecraft:cobblestone":378,"minecraft:birch_log":31,"minecraft:leather_chestplate":1,"minecraft:feather":10,"minecraft:andesite":34,"minecraft:salmon":1,"minecraft:brown_wool":1,"minecraft:leather":5,"alexsmobs:bison_fur":1,"minecraft:birch_planks":2,"alexsmobs:bear_fur":2,"alexsmobs:cachalot_whale_tooth":4,"minecraft:flint":1,"minecraft:oak_log":538,"minecraft:gunpowder":1,"minecraft:cobblestone_wall":9,"minecraft:dirt":489,"minecraft:cooked_mutton":2,"minecraft:bone":10,"minecraft:apple":24,"minecraft:wheat_seeds":18,"minecraft:stone_pickaxe":2,"minecraft:iron_ingot":8,"minecraft:oak_planks":5,"minecraft:quartz":29,"minecraft:gravel":9,"minecraft:spruce_sapling":32,"minecraft:ink_sac":24,"minecraft:spruce_log":107,"minecraft:spider_eye":2,"minecraft:stone_axe":1,"minecraft:granite":27,"minecraft:gray_wool":1,"minecraft:oak_sapling":182,"minecraft:netherrack":59,"minecraft:coal":94,"minecraft:andesite_slab":4},"minecraft:killed":{"alexsmobs:raccoon":1,"alexsmobs:seagull":3,"minecraft:skeleton":2,"alexsmobs:blue_jay":1,"minecraft:chicken":4,"minecraft:cat":2,"minecraft:pig":12,"minecraft:salmon":1,"minecraft:creeper":1,"minecraft:sheep":5,"minecraft:zombie":5,"alexsmobs:crow":1,"minecraft:cow":4},"minecraft:crafted":{"minecraft:oak_planks":80,"minecraft:stone_shovel":2,"minecraft:furnace":2,"minecraft:cooked_mutton":1,"minecraft:flint_and_steel":1,"minecraft:iron_boots":1,"minecraft:stone_pickaxe":6,"minecraft:chest":4,"minecraft:cooked_beef":5,"minecraft:cooked_porkchop":22,"minecraft:crafting_table":3,"minecraft:spruce_planks":16,"minecraft:iron_helmet":1,"minecraft:wooden_pickaxe":2,"minecraft:bucket":1,"minecraft:stone_axe":8,"minecraft:air":0,"minecraft:charcoal":5,"minecraft:shield":1,"minecraft:stick":36,"minecraft:iron_ingot":12,"minecraft:wooden_axe":2,"minecraft:stone_sword":1,"minecraft:torch":106},"minecraft:mined":{"minecraft:nether_gold_ore":23,"minecraft:spruce_planks":2,"minecraft:granite":25,"minecraft:acacia_log":8,"minecraft:grass_block":289,"minecraft:spruce_leaves":7,"minecraft:large_fern":1,"minecraft:hay_block":5,"minecraft:furnace":1,"minecraft:iron_ore":21,"minecraft:fire":2,"minecraft:andesite":29,"minecraft:cobblestone_slab":25,"minecraft:stone":326,"minecraft:crafting_table":4,"minecraft:torch":7,"minecraft:andesite_slab":4,"minecraft:nether_quartz_ore":29,"minecraft:tall_grass":10,"minecraft:cobblestone":29,"minecraft:oak_planks":2,"minecraft:diorite":34,"minecraft:wall_torch":8,"minecraft:birch_planks":1,"minecraft:cobblestone_wall":11,"minecraft:birch_log":36,"minecraft:spruce_log":110,"minecraft:grass":24,"minecraft:oak_log":576,"minecraft:coal_ore":92,"minecraft:gravel":11,"minecraft:dirt":188,"minecraft:netherrack":36,"minecraft:oak_leaves":18},"minecraft:used":{"minecraft:stone_sword":47,"minecraft:flint_and_steel":9,"minecraft:stone_shovel":263,"minecraft:chest":4,"minecraft:shield":4,"minecraft:torch":66,"minecraft:dirt":167,"minecraft:granite":3,"minecraft:wooden_axe":110,"minecraft:birch_sapling":6,"minecraft:iron_helmet":1,"minecraft:iron_boots":1,"minecraft:furnace":3,"minecraft:oak_sapling":67,"minecraft:egg":1,"minecraft:cooked_beef":1,"minecraft:cooked_mutton":1,"minecraft:water_bucket":29,"minecraft:stone_pickaxe":653,"minecraft:oak_planks":1,"minecraft:wooden_pickaxe":49,"minecraft:cobblestone_slab":22,"minecraft:crafting_table":6,"minecraft:spruce_log":2,"minecraft:apple":13,"minecraft:brown_wool":1,"minecraft:suspicious_stew":1,"minecraft:stone_axe":901,"minecraft:cobblestone":123,"minecraft:bucket":30,"alexsmobs:animal_dictionary":4,"minecraft:oak_boat":2},"minecraft:broken":{"minecraft:stone_pickaxe":2,"minecraft:stone_axe":3,"minecraft:wooden_axe":1,"minecraft:stone_shovel":2},"minecraft:killed_by":{"goatman:goatman":18,"alexsmobs:murmur_head":1,"cartoon_dweller:cartoon_dweller":2,"mimicer:mimicer":5,"alexsmobs:crocodile":1,"minecraft:skeleton":3,"minecraft:zombie":1,"mokey:mokey":3,"torture:torture":3},"minecraft:dropped":{"alexsmobs:bison_fur":1,"minecraft:white_wool":2,"minecraft:spruce_sapling":32,"minecraft:bowl":1,"minecraft:cobblestone_slab":1,"minecraft:spruce_pressure_plate":1,"minecraft:oak_sapling":15,"minecraft:spruce_log":1},"minecraft:custom":{"minecraft:mob_kills":44,"minecraft:interact_with_crafting_table":33,"minecraft:leave_game":2,"minecraft:time_since_death":607,"minecraft:climb_one_cm":5396,"minecraft:sprint_one_cm":647165,"minecraft:walk_one_cm":1693300,"minecraft:damage_blocked_by_shield":150,"minecraft:drop":9,"minecraft:damage_dealt_absorbed":35,"minecraft:talked_to_villager":2,"minecraft:play_time":363079,"minecraft:deaths":43,"minecraft:sneak_time":17454,"minecraft:walk_under_water_one_cm":52525,"minecraft:boat_one_cm":836418,"minecraft:jump":3615,"minecraft:walk_on_water_one_cm":107360,"minecraft:total_world_time":363079,"minecraft:interact_with_furnace":36,"minecraft:sleep_in_bed":8,"minecraft:time_since_rest":635,"minecraft:damage_taken":11808,"minecraft:damage_dealt":5898,"minecraft:swim_one_cm":63324,"minecraft:fly_one_cm":330484,"minecraft:open_chest":66,"minecraft:crouch_one_cm":57827,"minecraft:fall_one_cm":76831}},"DataVersion":3120}