{"stats":{"minecraft:picked_up":{"minecraft:wooden_axe":1,"minecraft:crafting_table":5,"minecraft:chicken":4,"minecraft:suspicious_stew":1,"minecraft:wooden_pickaxe":2,"minecraft:shield":2,"minecraft:string":2,"minecraft:gold_nugget":90,"minecraft:cobbled_deepslate":6,"minecraft:spruce_planks":2,"minecraft:beef":15,"minecraft:oak_boat":1,"minecraft:cobblestone_slab":26,"minecraft:sugar_cane":8,"minecraft:birch_sapling":9,"minecraft:egg":1,"minecraft:furnace":1,"minecraft:spruce_pressure_plate":1,"minecraft:stick":136,"minecraft:raw_iron":15,"minecraft:torch":20,"minecraft:acacia_log":8,"minecraft:porkchop":23,"minecraft:diorite":22,"minecraft:stone_sword":1,"minecraft:arrow":4,"minecraft:rotten_flesh":10,"minecraft:mutton":7,"minecraft:white_wool":6,"minecraft:cobblestone":355,"minecraft:birch_log":31,"minecraft:leather_chestplate":1,"minecraft:feather":10,"minecraft:andesite":30,"minecraft:salmon":1,"minecraft:brown_wool":1,"minecraft:leather":5,"alexsmobs:bison_fur":1,"minecraft:birch_planks":2,"alexsmobs:bear_fur":2,"alexsmobs:cachalot_whale_tooth":4,"minecraft:flint":1,"minecraft:oak_log":525,"minecraft:gunpowder":1,"minecraft:cobblestone_wall":9,"minecraft:dirt":486,"minecraft:cooked_mutton":2,"minecraft:bone":5,"minecraft:apple":22,"minecraft:wheat_seeds":18,"minecraft:stone_pickaxe":2,"minecraft:iron_ingot":8,"minecraft:oak_planks":5,"minecraft:quartz":29,"minecraft:gravel":9,"minecraft:spruce_sapling":32,"minecraft:ink_sac":24,"minecraft:spruce_log":107,"minecraft:spider_eye":2,"minecraft:stone_axe":1,"minecraft:granite":27,"minecraft:gray_wool":1,"minecraft:oak_sapling":178,"minecraft:netherrack":59,"minecraft:coal":62,"minecraft:andesite_slab":4},"minecraft:killed":{"alexsmobs:raccoon":1,"alexsmobs:seagull":3,"alexsmobs:blue_jay":1,"minecraft:chicken":4,"minecraft:cat":1,"minecraft:pig":12,"minecraft:salmon":1,"minecraft:creeper":1,"minecraft:sheep":5,"minecraft:zombie":2,"alexsmobs:crow":1,"minecraft:cow":4},"minecraft:crafted":{"minecraft:oak_planks":72,"minecraft:stone_shovel":2,"minecraft:furnace":2,"minecraft:cooked_mutton":1,"minecraft:flint_and_steel":1,"minecraft:stone_pickaxe":5,"minecraft:chest":4,"minecraft:cooked_beef":5,"minecraft:crafting_table":3,"minecraft:spruce_planks":16,"minecraft:wooden_pickaxe":2,"minecraft:bucket":1,"minecraft:stone_axe":8,"minecraft:air":0,"minecraft:charcoal":5,"minecraft:stick":36,"minecraft:wooden_axe":2,"minecraft:torch":32},"minecraft:mined":{"minecraft:nether_gold_ore":23,"minecraft:spruce_planks":2,"minecraft:granite":25,"minecraft:acacia_log":8,"minecraft:grass_block":287,"minecraft:spruce_leaves":7,"minecraft:large_fern":1,"minecraft:furnace":1,"minecraft:iron_ore":15,"minecraft:fire":2,"minecraft:andesite":25,"minecraft:cobblestone_slab":25,"minecraft:stone":305,"minecraft:crafting_table":4,"minecraft:torch":6,"minecraft:andesite_slab":4,"minecraft:nether_quartz_ore":29,"minecraft:tall_grass":10,"minecraft:cobblestone":27,"minecraft:oak_planks":2,"minecraft:diorite":34,"minecraft:wall_torch":8,"minecraft:birch_planks":1,"minecraft:cobblestone_wall":11,"minecraft:birch_log":36,"minecraft:spruce_log":110,"minecraft:grass":24,"minecraft:oak_log":560,"minecraft:coal_ore":61,"minecraft:gravel":11,"minecraft:dirt":187,"minecraft:netherrack":36,"minecraft:oak_leaves":18},"minecraft:used":{"minecraft:stone_sword":34,"minecraft:flint_and_steel":9,"minecraft:stone_shovel":263,"minecraft:chest":4,"minecraft:shield":1,"minecraft:torch":29,"minecraft:dirt":145,"minecraft:granite":3,"minecraft:wooden_axe":110,"minecraft:birch_sapling":6,"minecraft:furnace":3,"minecraft:oak_sapling":67,"minecraft:egg":1,"minecraft:cooked_beef":1,"minecraft:cooked_mutton":1,"minecraft:water_bucket":25,"minecraft:stone_pickaxe":587,"minecraft:oak_planks":1,"minecraft:wooden_pickaxe":49,"minecraft:cobblestone_slab":22,"minecraft:crafting_table":6,"minecraft:spruce_log":2,"minecraft:apple":13,"minecraft:brown_wool":1,"minecraft:suspicious_stew":1,"minecraft:stone_axe":855,"minecraft:cobblestone":117,"minecraft:bucket":25,"alexsmobs:animal_dictionary":4,"minecraft:oak_boat":2},"minecraft:broken":{"minecraft:stone_pickaxe":2,"minecraft:stone_axe":3,"minecraft:wooden_axe":1,"minecraft:stone_shovel":2},"minecraft:killed_by":{"goatman:goatman":15,"cartoon_dweller:cartoon_dweller":2,"mimicer:mimicer":3,"alexsmobs:crocodile":1,"minecraft:skeleton":1,"minecraft:zombie":1,"mokey:mokey":2,"torture:torture":2},"minecraft:dropped":{"alexsmobs:bison_fur":1,"minecraft:white_wool":2,"minecraft:spruce_sapling":32,"minecraft:bowl":1,"minecraft:cobblestone_slab":1,"minecraft:spruce_pressure_plate":1,"minecraft:oak_sapling":15,"minecraft:spruce_log":1},"minecraft:custom":{"minecraft:mob_kills":37,"minecraft:interact_with_crafting_table":27,"minecraft:leave_game":2,"minecraft:time_since_death":7591,"minecraft:climb_one_cm":5396,"minecraft:sprint_one_cm":558293,"minecraft:walk_one_cm":1545886,"minecraft:damage_blocked_by_shield":30,"minecraft:drop":9,"minecraft:play_time":333079,"minecraft:deaths":32,"minecraft:sneak_time":16365,"minecraft:walk_under_water_one_cm":49857,"minecraft:boat_one_cm":836418,"minecraft:jump":3170,"minecraft:walk_on_water_one_cm":98795,"minecraft:total_world_time":333079,"minecraft:interact_with_furnace":23,"minecraft:sleep_in_bed":8,"minecraft:time_since_rest":7637,"minecraft:damage_taken":8686,"minecraft:damage_dealt":4547,"minecraft:swim_one_cm":63324,"minecraft:fly_one_cm":279837,"minecraft:open_chest":60,"minecraft:crouch_one_cm":55848,"minecraft:fall_one_cm":56246}},"DataVersion":3120}