{"stats":{"minecraft:picked_up":{"minecraft:wooden_axe":1,"minecraft:crafting_table":5,"minecraft:chicken":4,"minecraft:suspicious_stew":1,"minecraft:wooden_pickaxe":1,"minecraft:shield":2,"minecraft:gold_nugget":90,"minecraft:cobbled_deepslate":6,"minecraft:spruce_planks":2,"minecraft:beef":15,"minecraft:oak_boat":1,"minecraft:cobblestone_slab":3,"minecraft:sugar_cane":8,"minecraft:birch_sapling":9,"minecraft:furnace":1,"minecraft:egg":1,"minecraft:spruce_pressure_plate":1,"minecraft:stick":129,"minecraft:raw_iron":4,"minecraft:torch":16,"minecraft:acacia_log":8,"minecraft:porkchop":5,"minecraft:diorite":22,"minecraft:stone_sword":1,"minecraft:arrow":4,"minecraft:rotten_flesh":8,"minecraft:mutton":5,"minecraft:white_wool":5,"minecraft:cobblestone":332,"minecraft:birch_log":31,"minecraft:leather_chestplate":1,"minecraft:feather":10,"minecraft:andesite":28,"minecraft:salmon":1,"minecraft:leather":5,"minecraft:brown_wool":1,"alexsmobs:bison_fur":1,"alexsmobs:bear_fur":2,"minecraft:birch_planks":1,"alexsmobs:cachalot_whale_tooth":2,"minecraft:flint":1,"minecraft:oak_log":475,"minecraft:gunpowder":1,"minecraft:cobblestone_wall":9,"minecraft:dirt":419,"minecraft:cooked_mutton":2,"minecraft:bone":5,"minecraft:apple":21,"minecraft:wheat_seeds":12,"minecraft:iron_ingot":3,"minecraft:stone_pickaxe":2,"minecraft:oak_planks":5,"minecraft:quartz":29,"minecraft:gravel":9,"minecraft:spruce_sapling":32,"minecraft:ink_sac":17,"minecraft:spruce_log":107,"minecraft:spider_eye":2,"minecraft:stone_axe":1,"minecraft:granite":27,"minecraft:gray_wool":1,"minecraft:oak_sapling":162,"minecraft:netherrack":59,"minecraft:coal":48},"minecraft:killed":{"alexsmobs:raccoon":1,"alexsmobs:seagull":3,"alexsmobs:blue_jay":1,"minecraft:chicken":4,"minecraft:pig":2,"minecraft:salmon":1,"minecraft:creeper":1,"minecraft:sheep":4,"minecraft:zombie":2,"alexsmobs:crow":1,"minecraft:cow":4},"minecraft:crafted":{"minecraft:oak_planks":72,"minecraft:stone_shovel":2,"minecraft:furnace":2,"minecraft:cooked_mutton":1,"minecraft:flint_and_steel":1,"minecraft:stone_pickaxe":5,"minecraft:chest":4,"minecraft:cooked_beef":5,"minecraft:crafting_table":3,"minecraft:spruce_planks":16,"minecraft:wooden_pickaxe":2,"minecraft:bucket":1,"minecraft:stone_axe":7,"minecraft:air":0,"minecraft:charcoal":5,"minecraft:stick":36,"minecraft:wooden_axe":2,"minecraft:torch":32},"minecraft:mined":{"minecraft:nether_gold_ore":23,"minecraft:spruce_planks":2,"minecraft:granite":25,"minecraft:acacia_log":8,"minecraft:grass_block":264,"minecraft:spruce_leaves":7,"minecraft:large_fern":1,"minecraft:furnace":1,"minecraft:fire":2,"minecraft:iron_ore":4,"minecraft:andesite":22,"minecraft:stone":282,"minecraft:crafting_table":4,"minecraft:torch":6,"minecraft:nether_quartz_ore":29,"minecraft:cobblestone":27,"minecraft:tall_grass":9,"minecraft:oak_planks":2,"minecraft:diorite":34,"minecraft:wall_torch":6,"minecraft:birch_planks":1,"minecraft:cobblestone_wall":11,"minecraft:birch_log":36,"minecraft:spruce_log":110,"minecraft:grass":18,"minecraft:coal_ore":47,"minecraft:oak_log":509,"minecraft:gravel":11,"minecraft:dirt":149,"minecraft:netherrack":36,"minecraft:oak_leaves":16},"minecraft:used":{"minecraft:stone_sword":34,"minecraft:flint_and_steel":9,"minecraft:stone_shovel":263,"minecraft:chest":4,"minecraft:shield":1,"minecraft:torch":22,"minecraft:dirt":88,"minecraft:granite":3,"minecraft:wooden_axe":110,"minecraft:birch_sapling":6,"minecraft:furnace":3,"minecraft:oak_sapling":67,"minecraft:egg":1,"minecraft:cooked_beef":1,"minecraft:cooked_mutton":1,"minecraft:water_bucket":9,"minecraft:stone_pickaxe":505,"minecraft:oak_planks":1,"minecraft:wooden_pickaxe":49,"minecraft:crafting_table":5,"minecraft:spruce_log":2,"minecraft:apple":13,"minecraft:brown_wool":1,"minecraft:suspicious_stew":1,"minecraft:stone_axe":769,"minecraft:cobblestone":117,"minecraft:bucket":10,"alexsmobs:animal_dictionary":4,"minecraft:oak_boat":2},"minecraft:broken":{"minecraft:stone_pickaxe":2,"minecraft:stone_axe":2,"minecraft:wooden_axe":1,"minecraft:stone_shovel":2},"minecraft:killed_by":{"goatman:goatman":14,"cartoon_dweller:cartoon_dweller":1,"mimicer:mimicer":3,"alexsmobs:crocodile":1,"minecraft:skeleton":1,"minecraft:zombie":1,"mokey:mokey":1,"torture:torture":2},"minecraft:dropped":{"alexsmobs:bison_fur":1,"minecraft:white_wool":2,"minecraft:spruce_sapling":32,"minecraft:bowl":1,"minecraft:cobblestone_slab":1,"minecraft:spruce_pressure_plate":1,"minecraft:oak_sapling":15,"minecraft:spruce_log":1},"minecraft:custom":{"minecraft:mob_kills":25,"minecraft:interact_with_crafting_table":25,"minecraft:leave_game":2,"minecraft:time_since_death":5495,"minecraft:climb_one_cm":3958,"minecraft:sprint_one_cm":443055,"minecraft:walk_one_cm":1262413,"minecraft:damage_blocked_by_shield":30,"minecraft:drop":9,"minecraft:play_time":277699,"minecraft:deaths":26,"minecraft:sneak_time":16073,"minecraft:walk_under_water_one_cm":25827,"minecraft:boat_one_cm":729400,"minecraft:jump":2569,"minecraft:walk_on_water_one_cm":52217,"minecraft:total_world_time":277699,"minecraft:interact_with_furnace":21,"minecraft:sleep_in_bed":8,"minecraft:time_since_rest":5543,"minecraft:damage_taken":6966,"minecraft:damage_dealt":3278,"minecraft:swim_one_cm":27369,"minecraft:fly_one_cm":216162,"minecraft:open_chest":56,"minecraft:crouch_one_cm":54726,"minecraft:fall_one_cm":39259}},"DataVersion":3120}