{"stats":{"minecraft:picked_up":{"minecraft:wooden_axe":1,"minecraft:crafting_table":4,"minecraft:leather_chestplate":1,"minecraft:feather":8,"minecraft:chicken":3,"minecraft:suspicious_stew":1,"minecraft:andesite":28,"minecraft:wooden_pickaxe":1,"minecraft:birch_planks":1,"alexsmobs:bear_fur":2,"alexsmobs:bison_fur":1,"minecraft:flint":1,"minecraft:oak_log":247,"minecraft:shield":2,"minecraft:dirt":128,"minecraft:cooked_mutton":2,"minecraft:bone":4,"minecraft:apple":10,"minecraft:wheat_seeds":4,"minecraft:gold_nugget":90,"minecraft:cobbled_deepslate":6,"minecraft:stone_pickaxe":2,"minecraft:spruce_planks":2,"minecraft:beef":6,"minecraft:oak_boat":1,"minecraft:birch_sapling":8,"minecraft:sugar_cane":8,"minecraft:oak_planks":5,"minecraft:egg":1,"minecraft:furnace":1,"minecraft:spruce_pressure_plate":1,"minecraft:stick":74,"minecraft:raw_iron":4,"minecraft:acacia_log":8,"minecraft:torch":15,"minecraft:quartz":29,"minecraft:gravel":9,"minecraft:porkchop":5,"minecraft:ink_sac":8,"minecraft:spruce_sapling":32,"minecraft:diorite":22,"minecraft:spruce_log":107,"minecraft:stone_sword":1,"minecraft:arrow":3,"minecraft:rotten_flesh":6,"minecraft:stone_axe":1,"minecraft:granite":27,"minecraft:gray_wool":1,"minecraft:oak_sapling":82,"minecraft:netherrack":59,"minecraft:mutton":5,"minecraft:coal":48,"minecraft:white_wool":3,"minecraft:cobblestone":327,"minecraft:birch_log":25},"minecraft:killed":{"minecraft:pig":2,"alexsmobs:raccoon":1,"alexsmobs:seagull":2,"minecraft:sheep":4,"alexsmobs:blue_jay":1,"minecraft:zombie":2,"minecraft:chicken":3,"alexsmobs:crow":1},"minecraft:mined":{"minecraft:nether_gold_ore":23,"minecraft:spruce_planks":2,"minecraft:crafting_table":4,"minecraft:torch":5,"minecraft:granite":25,"minecraft:acacia_log":8,"minecraft:grass_block":55,"minecraft:nether_quartz_ore":29,"minecraft:tall_grass":4,"minecraft:cobblestone":26,"minecraft:spruce_leaves":6,"minecraft:oak_planks":2,"minecraft:diorite":34,"minecraft:wall_torch":6,"minecraft:large_fern":1,"minecraft:birch_planks":1,"minecraft:furnace":1,"minecraft:iron_ore":4,"minecraft:birch_log":30,"minecraft:fire":2,"minecraft:andesite":22,"minecraft:spruce_log":110,"minecraft:grass":8,"minecraft:oak_log":268,"minecraft:coal_ore":47,"minecraft:gravel":11,"minecraft:dirt":65,"minecraft:stone":282,"minecraft:netherrack":36,"minecraft:oak_leaves":14},"minecraft:crafted":{"minecraft:cooked_beef":5,"minecraft:oak_planks":56,"minecraft:crafting_table":3,"minecraft:spruce_planks":16,"minecraft:wooden_pickaxe":2,"minecraft:furnace":2,"minecraft:stone_axe":6,"minecraft:cooked_mutton":1,"minecraft:air":0,"minecraft:flint_and_steel":1,"minecraft:charcoal":5,"minecraft:stick":36,"minecraft:stone_pickaxe":4,"minecraft:wooden_axe":2,"minecraft:chest":2,"minecraft:torch":32},"minecraft:used":{"minecraft:cooked_mutton":1,"minecraft:stone_sword":34,"minecraft:flint_and_steel":9,"minecraft:stone_pickaxe":491,"minecraft:oak_planks":1,"minecraft:chest":2,"minecraft:wooden_pickaxe":49,"minecraft:shield":1,"minecraft:torch":21,"minecraft:dirt":70,"minecraft:crafting_table":5,"minecraft:granite":3,"minecraft:spruce_log":2,"minecraft:wooden_axe":110,"minecraft:apple":10,"minecraft:birch_sapling":6,"minecraft:suspicious_stew":1,"minecraft:stone_axe":462,"minecraft:cobblestone":117,"minecraft:oak_sapling":67,"minecraft:furnace":3,"minecraft:oak_boat":2,"alexsmobs:animal_dictionary":4,"minecraft:egg":1,"minecraft:cooked_beef":1},"minecraft:killed_by":{"alexsmobs:crocodile":1,"minecraft:skeleton":1,"minecraft:zombie":1,"mokey:mokey":1,"torture:torture":2,"goatman:goatman":10,"cartoon_dweller:cartoon_dweller":1,"mimicer:mimicer":3},"minecraft:broken":{"minecraft:stone_pickaxe":2,"minecraft:stone_axe":1,"minecraft:wooden_axe":1},"minecraft:dropped":{"minecraft:bowl":1,"alexsmobs:bison_fur":1,"minecraft:spruce_pressure_plate":1,"minecraft:oak_sapling":15,"minecraft:spruce_log":1,"minecraft:spruce_sapling":32},"minecraft:custom":{"minecraft:interact_with_furnace":21,"minecraft:mob_kills":17,"minecraft:interact_with_crafting_table":17,"minecraft:leave_game":2,"minecraft:time_since_death":398,"minecraft:sleep_in_bed":5,"minecraft:time_since_rest":1172,"minecraft:sprint_one_cm":365097,"minecraft:damage_taken":5206,"minecraft:walk_one_cm":875165,"minecraft:damage_blocked_by_shield":30,"minecraft:drop":6,"minecraft:damage_dealt":2509,"minecraft:swim_one_cm":17327,"minecraft:fly_one_cm":170204,"minecraft:open_chest":36,"minecraft:crouch_one_cm":46970,"minecraft:play_time":211699,"minecraft:sneak_time":13917,"minecraft:deaths":20,"minecraft:walk_under_water_one_cm":9300,"minecraft:boat_one_cm":677908,"minecraft:jump":2012,"minecraft:walk_on_water_one_cm":21954,"minecraft:total_world_time":211699,"minecraft:fall_one_cm":24677}},"DataVersion":3120}