{"stats":{"minecraft:mined":{"minecraft:coal_ore":4,"minecraft:grass_block":2,"minecraft:dirt":11,"minecraft:spruce_leaves":2,"minecraft:spruce_log":8,"minecraft:stone":28,"minecraft:crafting_table":1},"minecraft:custom":{"minecraft:damage_taken":10,"minecraft:time_since_rest":16409,"minecraft:interact_with_furnace":3,"minecraft:crouch_one_cm":1005,"minecraft:sprint_one_cm":134,"minecraft:play_time":16409,"minecraft:walk_one_cm":29812,"minecraft:sneak_time":632,"minecraft:jump":57,"minecraft:time_since_death":16409,"minecraft:leave_game":1,"minecraft:total_world_time":16409,"minecraft:interact_with_crafting_table":3,"minecraft:fall_one_cm":209},"minecraft:used":{"minecraft:wooden_axe":6,"minecraft:torch":4,"minecraft:dirt":1,"minecraft:crafting_table":2,"minecraft:furnace":1,"minecraft:stone_pickaxe":9,"alexsmobs:animal_dictionary":2,"minecraft:wooden_pickaxe":23},"minecraft:picked_up":{"minecraft:crafting_table":1,"minecraft:stick":1,"minecraft:stone_axe":1,"minecraft:torch":1,"minecraft:spruce_log":8,"minecraft:stone_sword":1,"minecraft:coal":3,"minecraft:dirt":7,"minecraft:cobblestone":27},"minecraft:crafted":{"minecraft:furnace":1,"minecraft:torch":8,"minecraft:charcoal":2,"minecraft:crafting_table":1,"minecraft:spruce_planks":16,"minecraft:stick":8,"minecraft:wooden_pickaxe":1,"minecraft:stone_pickaxe":1,"minecraft:wooden_axe":1}},"DataVersion":3120}