{"stats":{"minecraft:picked_up":{"minecraft:wooden_axe":1,"minecraft:crafting_table":2,"minecraft:leather_chestplate":1,"minecraft:feather":6,"minecraft:chicken":3,"minecraft:suspicious_stew":1,"minecraft:wooden_pickaxe":1,"minecraft:birch_planks":1,"alexsmobs:bear_fur":2,"alexsmobs:bison_fur":1,"minecraft:oak_log":72,"minecraft:shield":1,"minecraft:dirt":44,"minecraft:cooked_mutton":2,"minecraft:bone":4,"minecraft:apple":3,"minecraft:wheat_seeds":1,"minecraft:gold_nugget":90,"minecraft:cobbled_deepslate":6,"minecraft:spruce_planks":2,"minecraft:beef":6,"minecraft:sugar_cane":8,"minecraft:oak_planks":5,"minecraft:egg":1,"minecraft:furnace":1,"minecraft:spruce_pressure_plate":1,"minecraft:stick":25,"minecraft:raw_iron":2,"minecraft:acacia_log":8,"minecraft:torch":9,"minecraft:quartz":29,"minecraft:porkchop":5,"minecraft:spruce_sapling":32,"minecraft:diorite":8,"minecraft:spruce_log":107,"minecraft:stone_sword":1,"minecraft:arrow":3,"minecraft:rotten_flesh":2,"minecraft:stone_axe":1,"minecraft:granite":3,"minecraft:gray_wool":1,"minecraft:oak_sapling":15,"minecraft:netherrack":59,"minecraft:mutton":5,"minecraft:coal":9,"minecraft:white_wool":3,"minecraft:cobblestone":162},"minecraft:killed":{"minecraft:pig":2,"alexsmobs:raccoon":1,"alexsmobs:seagull":1,"minecraft:sheep":4,"alexsmobs:blue_jay":1,"minecraft:zombie":2,"minecraft:chicken":3,"alexsmobs:crow":1},"minecraft:mined":{"minecraft:nether_gold_ore":23,"minecraft:spruce_planks":2,"minecraft:crafting_table":2,"minecraft:torch":3,"minecraft:granite":3,"minecraft:acacia_log":8,"minecraft:grass_block":18,"minecraft:nether_quartz_ore":29,"minecraft:tall_grass":1,"minecraft:cobblestone":20,"minecraft:spruce_leaves":6,"minecraft:oak_planks":2,"minecraft:diorite":14,"minecraft:wall_torch":6,"minecraft:large_fern":1,"minecraft:birch_planks":1,"minecraft:furnace":1,"minecraft:iron_ore":2,"minecraft:birch_log":5,"minecraft:fire":1,"minecraft:spruce_log":110,"minecraft:grass":1,"minecraft:oak_log":81,"minecraft:coal_ore":8,"minecraft:dirt":24,"minecraft:stone":140,"minecraft:netherrack":36,"minecraft:oak_leaves":2},"minecraft:crafted":{"minecraft:cooked_beef":5,"minecraft:oak_planks":32,"minecraft:crafting_table":2,"minecraft:spruce_planks":16,"minecraft:wooden_pickaxe":1,"minecraft:furnace":1,"minecraft:stone_axe":2,"minecraft:cooked_mutton":1,"minecraft:air":0,"minecraft:charcoal":2,"minecraft:stick":16,"minecraft:stone_pickaxe":2,"minecraft:wooden_axe":2,"minecraft:torch":20},"minecraft:used":{"minecraft:cooked_mutton":1,"minecraft:stone_sword":34,"minecraft:stone_pickaxe":259,"minecraft:oak_planks":1,"minecraft:wooden_pickaxe":23,"minecraft:shield":1,"minecraft:torch":16,"minecraft:dirt":21,"minecraft:crafting_table":3,"minecraft:granite":3,"minecraft:spruce_log":2,"minecraft:wooden_axe":42,"minecraft:apple":3,"minecraft:suspicious_stew":1,"minecraft:stone_axe":243,"minecraft:cobblestone":91,"minecraft:furnace":2,"alexsmobs:animal_dictionary":4,"minecraft:egg":1,"minecraft:cooked_beef":1},"minecraft:killed_by":{"alexsmobs:crocodile":1,"minecraft:skeleton":1,"mokey:mokey":1,"goatman:goatman":4},"minecraft:broken":{"minecraft:stone_pickaxe":1},"minecraft:dropped":{"minecraft:bowl":1,"alexsmobs:bison_fur":1,"minecraft:spruce_pressure_plate":1,"minecraft:oak_sapling":15,"minecraft:spruce_log":1,"minecraft:spruce_sapling":32},"minecraft:custom":{"minecraft:interact_with_furnace":10,"minecraft:mob_kills":16,"minecraft:interact_with_crafting_table":6,"minecraft:leave_game":2,"minecraft:time_since_death":1597,"minecraft:sleep_in_bed":2,"minecraft:time_since_rest":1871,"minecraft:sprint_one_cm":158421,"minecraft:damage_taken":1976,"minecraft:walk_one_cm":493050,"minecraft:damage_blocked_by_shield":30,"minecraft:drop":6,"minecraft:damage_dealt":1990,"minecraft:swim_one_cm":13848,"minecraft:fly_one_cm":72144,"minecraft:open_chest":10,"minecraft:crouch_one_cm":46909,"minecraft:play_time":127699,"minecraft:sneak_time":13792,"minecraft:deaths":7,"minecraft:walk_under_water_one_cm":8266,"minecraft:boat_one_cm":477247,"minecraft:jump":1103,"minecraft:walk_on_water_one_cm":16705,"minecraft:total_world_time":127699,"minecraft:fall_one_cm":18294}},"DataVersion":3120}