{"stats":{"minecraft:killed":{"minecraft:piglin":2,"minecraft:creeper":1,"minecraft:skeleton":1,"minecraft:zombie":2,"alexsmobs:bison":1},"minecraft:picked_up":{"minecraft:wooden_axe":1,"minecraft:birch_log":10,"minecraft:crafting_table":2,"minecraft:leather_chestplate":1,"minecraft:suspicious_stew":1,"minecraft:andesite":7,"minecraft:potato":6,"alexsmobs:bison_fur":1,"minecraft:oak_log":17,"minecraft:string":2,"minecraft:dirt":6,"minecraft:cooked_mutton":1,"minecraft:experience_bottle":1,"minecraft:bone":2,"minecraft:apple":2,"minecraft:wheat_seeds":3,"minecraft:gold_nugget":42,"minecraft:cobbled_deepslate":9,"minecraft:spruce_planks":2,"minecraft:iron_nugget":15,"minecraft:chest":1,"minecraft:birch_sapling":5,"minecraft:oak_planks":21,"minecraft:egg":1,"minecraft:raw_iron":6,"minecraft:stick":13,"minecraft:torch":6,"minecraft:spruce_fence":1,"minecraft:jungle_planks":1,"minecraft:diorite":4,"minecraft:white_bed":3,"minecraft:jungle_slab":2,"minecraft:spruce_boat":4,"minecraft:granite":20,"minecraft:gold_ingot":1,"minecraft:bread":4,"minecraft:oak_sapling":19,"minecraft:netherrack":54,"minecraft:cobblestone":89},"minecraft:broken":{"minecraft:wooden_pickaxe":1},"minecraft:killed_by":{"minecraft:skeleton":1,"minecraft:creeper":3,"minecraft:zombie":1,"torture:torture":1,"goatman:goatman":1},"minecraft:crafted":{"minecraft:cooked_beef":1,"minecraft:oak_planks":60,"minecraft:cooked_porkchop":2,"minecraft:crafting_table":3,"minecraft:wooden_pickaxe":1,"minecraft:cooked_chicken":1,"minecraft:birch_planks":40,"minecraft:stone_axe":1,"minecraft:air":0,"minecraft:stick":12,"minecraft:stone_pickaxe":1,"minecraft:wooden_axe":2,"minecraft:chest":1,"minecraft:gold_ingot":4,"minecraft:golden_boots":1},"minecraft:mined":{"minecraft:nether_gold_ore":11,"alexsmobs:skunk_spray":1,"minecraft:spruce_planks":3,"minecraft:white_bed":4,"minecraft:jungle_slab":2,"minecraft:crafting_table":2,"minecraft:torch":4,"minecraft:granite":20,"minecraft:spruce_fence":1,"minecraft:grass_block":4,"minecraft:jungle_planks":1,"minecraft:chest":1,"minecraft:tall_grass":1,"minecraft:cobblestone":9,"minecraft:sugar_cane":4,"minecraft:oak_planks":9,"minecraft:diorite":1,"minecraft:wall_torch":1,"minecraft:birch_log":10,"minecraft:iron_ore":6,"minecraft:fire":1,"minecraft:andesite":7,"minecraft:grass":15,"minecraft:oak_log":18,"minecraft:dirt":10,"minecraft:stone":79,"minecraft:netherrack":58,"minecraft:oak_leaves":6,"minecraft:fern":2},"minecraft:custom":{"minecraft:interact_with_furnace":18,"minecraft:mob_kills":6,"minecraft:interact_with_crafting_table":11,"minecraft:leave_game":5,"minecraft:time_since_death":28048,"minecraft:sleep_in_bed":1,"minecraft:time_since_rest":28150,"minecraft:sprint_one_cm":172689,"minecraft:damage_taken":2920,"minecraft:walk_one_cm":105659,"minecraft:drop":35,"minecraft:damage_dealt":1250,"minecraft:swim_one_cm":3856,"minecraft:fly_one_cm":213054,"minecraft:open_chest":28,"minecraft:crouch_one_cm":28465,"minecraft:play_time":75091,"minecraft:deaths":8,"minecraft:sneak_time":9661,"minecraft:walk_under_water_one_cm":1356,"minecraft:boat_one_cm":206473,"minecraft:jump":1212,"minecraft:walk_on_water_one_cm":1541,"minecraft:total_world_time":75091,"minecraft:fall_one_cm":49336},"minecraft:dropped":{"minecraft:bread":1,"minecraft:wheat_seeds":3,"minecraft:bowl":1,"minecraft:oak_planks":12,"minecraft:suspicious_stew":2,"minecraft:leather_chestplate":2,"minecraft:potato":6,"minecraft:wooden_axe":2,"minecraft:netherrack":23},"minecraft:used":{"minecraft:cooked_mutton":3,"minecraft:diorite":4,"minecraft:birch_planks":2,"minecraft:stone_pickaxe":125,"minecraft:oak_planks":16,"minecraft:chest":1,"minecraft:wooden_pickaxe":69,"minecraft:cooked_chicken":1,"minecraft:netherrack":22,"minecraft:torch":6,"minecraft:dirt":6,"minecraft:crafting_table":5,"minecraft:jungle_planks":1,"minecraft:jungle_slab":2,"minecraft:white_bed":3,"minecraft:spruce_fence":1,"minecraft:granite":20,"minecraft:spruce_boat":4,"minecraft:oak_log":2,"minecraft:wooden_axe":37,"minecraft:apple":2,"minecraft:suspicious_stew":1,"minecraft:bread":2,"minecraft:chicken":1,"minecraft:birch_sapling":5,"minecraft:stone_axe":32,"minecraft:cobblestone":77,"minecraft:oak_sapling":19,"minecraft:cooked_porkchop":2,"minecraft:andesite":7,"alexsmobs:animal_dictionary":1,"minecraft:egg":1,"minecraft:cooked_beef":1,"minecraft:cobbled_deepslate":9,"minecraft:experience_bottle":1,"minecraft:golden_boots":1}},"DataVersion":3120}