{"stats":{"minecraft:killed":{"minecraft:piglin":2,"minecraft:creeper":1,"minecraft:skeleton":1,"minecraft:zombie":2,"alexsmobs:bison":1},"minecraft:picked_up":{"minecraft:wooden_axe":1,"minecraft:birch_log":10,"minecraft:crafting_table":2,"minecraft:andesite":7,"minecraft:oak_log":17,"minecraft:string":2,"minecraft:dirt":6,"minecraft:cooked_mutton":1,"minecraft:bone":2,"minecraft:apple":2,"minecraft:gold_nugget":41,"minecraft:cobbled_deepslate":9,"minecraft:birch_sapling":5,"minecraft:oak_planks":21,"minecraft:egg":1,"minecraft:raw_iron":6,"minecraft:stick":11,"minecraft:torch":6,"minecraft:diorite":4,"minecraft:white_bed":3,"minecraft:spruce_boat":2,"minecraft:granite":20,"minecraft:bread":4,"minecraft:oak_sapling":19,"minecraft:netherrack":38,"minecraft:cobblestone":83},"minecraft:killed_by":{"minecraft:skeleton":1,"minecraft:creeper":3,"minecraft:zombie":1,"torture:torture":1,"goatman:goatman":1},"minecraft:crafted":{"minecraft:cooked_beef":1,"minecraft:oak_planks":60,"minecraft:cooked_porkchop":2,"minecraft:crafting_table":3,"minecraft:wooden_pickaxe":1,"minecraft:cooked_chicken":1,"minecraft:birch_planks":40,"minecraft:stone_axe":1,"minecraft:air":0,"minecraft:stick":12,"minecraft:stone_pickaxe":1,"minecraft:wooden_axe":2,"minecraft:chest":1},"minecraft:mined":{"minecraft:nether_gold_ore":11,"alexsmobs:skunk_spray":1,"minecraft:white_bed":4,"minecraft:crafting_table":2,"minecraft:torch":4,"minecraft:granite":20,"minecraft:grass_block":4,"minecraft:cobblestone":9,"minecraft:oak_planks":9,"minecraft:diorite":1,"minecraft:wall_torch":1,"minecraft:birch_log":10,"minecraft:iron_ore":6,"minecraft:fire":1,"minecraft:andesite":7,"minecraft:grass":4,"minecraft:oak_log":18,"minecraft:dirt":10,"minecraft:stone":73,"minecraft:netherrack":42,"minecraft:oak_leaves":6},"minecraft:custom":{"minecraft:interact_with_furnace":18,"minecraft:mob_kills":6,"minecraft:interact_with_crafting_table":8,"minecraft:leave_game":5,"minecraft:time_since_death":16048,"minecraft:sleep_in_bed":1,"minecraft:time_since_rest":16150,"minecraft:sprint_one_cm":153425,"minecraft:damage_taken":2880,"minecraft:walk_one_cm":95030,"minecraft:drop":4,"minecraft:damage_dealt":1250,"minecraft:swim_one_cm":2357,"minecraft:fly_one_cm":193794,"minecraft:open_chest":23,"minecraft:crouch_one_cm":26761,"minecraft:play_time":63091,"minecraft:deaths":8,"minecraft:sneak_time":9176,"minecraft:walk_under_water_one_cm":494,"minecraft:jump":1111,"minecraft:walk_on_water_one_cm":1031,"minecraft:total_world_time":63091,"minecraft:fall_one_cm":46120},"minecraft:dropped":{"minecraft:bread":1,"minecraft:oak_planks":12,"minecraft:wooden_axe":2},"minecraft:used":{"minecraft:cooked_mutton":3,"minecraft:diorite":4,"minecraft:birch_planks":2,"minecraft:stone_pickaxe":125,"minecraft:oak_planks":16,"minecraft:chest":1,"minecraft:wooden_pickaxe":46,"minecraft:cooked_chicken":1,"minecraft:netherrack":8,"minecraft:torch":6,"minecraft:dirt":6,"minecraft:crafting_table":4,"minecraft:white_bed":3,"minecraft:granite":20,"minecraft:spruce_boat":2,"minecraft:oak_log":2,"minecraft:wooden_axe":37,"minecraft:apple":2,"minecraft:bread":2,"minecraft:chicken":1,"minecraft:birch_sapling":5,"minecraft:stone_axe":24,"minecraft:cobblestone":77,"minecraft:oak_sapling":19,"minecraft:cooked_porkchop":2,"minecraft:andesite":7,"alexsmobs:animal_dictionary":1,"minecraft:egg":1,"minecraft:cooked_beef":1,"minecraft:cobbled_deepslate":9}},"DataVersion":3120}