{"stats":{"minecraft:killed":{"minecraft:skeleton":1,"minecraft:zombie":1,"alexsmobs:bison":1},"minecraft:picked_up":{"minecraft:birch_log":10,"minecraft:crafting_table":2,"minecraft:andesite":4,"minecraft:oak_log":17,"minecraft:dirt":4,"minecraft:bone":2,"minecraft:birch_sapling":5,"minecraft:oak_planks":18,"minecraft:raw_iron":6,"minecraft:stick":6,"minecraft:torch":6,"minecraft:diorite":1,"minecraft:white_bed":3,"minecraft:granite":3,"minecraft:oak_sapling":5,"minecraft:cobblestone":61},"minecraft:killed_by":{"minecraft:zombie":1,"torture:torture":1},"minecraft:crafted":{"minecraft:cooked_beef":1,"minecraft:oak_planks":60,"minecraft:cooked_porkchop":2,"minecraft:crafting_table":2,"minecraft:wooden_pickaxe":1,"minecraft:birch_planks":40,"minecraft:stone_axe":1,"minecraft:air":0,"minecraft:stick":12,"minecraft:stone_pickaxe":1,"minecraft:wooden_axe":1,"minecraft:chest":1},"minecraft:mined":{"alexsmobs:skunk_spray":1,"minecraft:white_bed":3,"minecraft:crafting_table":2,"minecraft:torch":4,"minecraft:granite":3,"minecraft:grass_block":2,"minecraft:cobblestone":3,"minecraft:oak_planks":4,"minecraft:diorite":1,"minecraft:wall_torch":1,"minecraft:birch_log":10,"minecraft:iron_ore":6,"minecraft:fire":1,"minecraft:andesite":4,"minecraft:grass":3,"minecraft:oak_log":18,"minecraft:dirt":6,"minecraft:stone":64,"minecraft:oak_leaves":2},"minecraft:custom":{"minecraft:interact_with_furnace":13,"minecraft:mob_kills":2,"minecraft:interact_with_crafting_table":7,"minecraft:leave_game":3,"minecraft:time_since_death":2846,"minecraft:sleep_in_bed":1,"minecraft:time_since_rest":2876,"minecraft:sprint_one_cm":76697,"minecraft:damage_taken":740,"minecraft:walk_one_cm":43382,"minecraft:drop":1,"minecraft:damage_dealt":606,"minecraft:swim_one_cm":2357,"minecraft:fly_one_cm":117994,"minecraft:open_chest":11,"minecraft:crouch_one_cm":13212,"minecraft:play_time":27191,"minecraft:deaths":2,"minecraft:sneak_time":4593,"minecraft:walk_under_water_one_cm":494,"minecraft:jump":563,"minecraft:walk_on_water_one_cm":886,"minecraft:total_world_time":27191,"minecraft:fall_one_cm":20999},"minecraft:dropped":{"minecraft:oak_planks":12},"minecraft:used":{"minecraft:diorite":1,"minecraft:stone_pickaxe":66,"minecraft:oak_planks":4,"minecraft:chest":1,"minecraft:wooden_pickaxe":16,"minecraft:torch":6,"minecraft:dirt":4,"minecraft:crafting_table":4,"minecraft:white_bed":3,"minecraft:granite":3,"minecraft:oak_log":2,"minecraft:wooden_axe":36,"minecraft:birch_sapling":5,"minecraft:stone_axe":6,"minecraft:cobblestone":55,"minecraft:oak_sapling":5,"minecraft:cooked_porkchop":2,"minecraft:andesite":4,"alexsmobs:animal_dictionary":1,"minecraft:cooked_beef":1}},"DataVersion":3120}