{"stats":{"minecraft:killed":{"alexsmobs:bison":1},"minecraft:picked_up":{"minecraft:birch_log":10,"minecraft:stick":6,"minecraft:crafting_table":2,"minecraft:oak_log":17,"minecraft:dirt":4,"minecraft:oak_sapling":5,"minecraft:birch_sapling":5,"minecraft:oak_planks":16,"minecraft:cobblestone":16},"minecraft:crafted":{"minecraft:cooked_beef":1,"minecraft:oak_planks":60,"minecraft:cooked_porkchop":2,"minecraft:crafting_table":2,"minecraft:stick":12,"minecraft:wooden_pickaxe":1,"minecraft:stone_pickaxe":1,"minecraft:wooden_axe":1,"minecraft:birch_planks":40,"minecraft:stone_axe":1,"minecraft:air":0},"minecraft:mined":{"alexsmobs:skunk_spray":1,"minecraft:birch_log":10,"minecraft:fire":1,"minecraft:crafting_table":2,"minecraft:grass":2,"minecraft:oak_log":18,"minecraft:grass_block":2,"minecraft:dirt":6,"minecraft:stone":16,"minecraft:oak_planks":4,"minecraft:oak_leaves":2},"minecraft:custom":{"minecraft:time_since_rest":15416,"minecraft:interact_with_furnace":8,"minecraft:sprint_one_cm":47717,"minecraft:damage_taken":90,"minecraft:walk_one_cm":28728,"minecraft:mob_kills":1,"minecraft:drop":1,"minecraft:damage_dealt":335,"minecraft:interact_with_crafting_table":3,"minecraft:swim_one_cm":1130,"minecraft:fly_one_cm":88702,"minecraft:crouch_one_cm":2881,"minecraft:play_time":15416,"minecraft:sneak_time":989,"minecraft:walk_under_water_one_cm":267,"minecraft:jump":387,"minecraft:leave_game":2,"minecraft:walk_on_water_one_cm":296,"minecraft:time_since_death":15416,"minecraft:total_world_time":15416,"minecraft:fall_one_cm":9682},"minecraft:dropped":{"minecraft:oak_planks":12},"minecraft:used":{"minecraft:oak_log":2,"minecraft:wooden_axe":36,"minecraft:birch_sapling":5,"minecraft:oak_planks":4,"minecraft:wooden_pickaxe":16,"minecraft:stone_axe":1,"minecraft:dirt":4,"minecraft:crafting_table":2,"minecraft:oak_sapling":5,"minecraft:cooked_porkchop":1,"alexsmobs:animal_dictionary":1}},"DataVersion":3120}