{"stats":{"minecraft:picked_up":{"minecraft:wooden_axe":1,"minecraft:crafting_table":5,"minecraft:chicken":4,"minecraft:suspicious_stew":1,"minecraft:string":2,"minecraft:experience_bottle":1,"minecraft:gold_nugget":43,"minecraft:cobbled_deepslate":9,"minecraft:spruce_planks":2,"minecraft:cobblestone_slab":98,"minecraft:iron_nugget":16,"minecraft:chest":1,"minecraft:birch_sapling":5,"minecraft:furnace":1,"minecraft:egg":1,"minecraft:stick":14,"minecraft:raw_iron":11,"minecraft:oak_door":1,"minecraft:torch":9,"minecraft:spruce_fence":1,"minecraft:diorite":4,"minecraft:hay_block":20,"minecraft:gold_ingot":1,"minecraft:white_wool":2,"minecraft:cobblestone":174,"minecraft:birch_log":10,"minecraft:leather_chestplate":1,"minecraft:feather":7,"minecraft:clock":1,"minecraft:cooked_beef":29,"minecraft:andesite":7,"minecraft:brown_wool":1,"minecraft:potato":6,"minecraft:birch_planks":1,"alexsmobs:bison_fur":1,"minecraft:oak_log":17,"minecraft:gunpowder":3,"minecraft:cobblestone_wall":10,"minecraft:dirt":47,"minecraft:cooked_mutton":1,"minecraft:bone":2,"minecraft:apple":2,"minecraft:wheat_seeds":7,"minecraft:oak_planks":24,"minecraft:jungle_planks":1,"minecraft:white_bed":3,"minecraft:jungle_slab":2,"minecraft:mossy_cobblestone":1,"minecraft:spruce_boat":6,"minecraft:granite":20,"minecraft:bread":4,"minecraft:terracotta":2,"minecraft:oak_sapling":19,"minecraft:netherrack":54,"minecraft:coal":7},"minecraft:killed":{"alexsmobs:raccoon":1,"minecraft:skeleton":2,"minecraft:chicken":4,"alexsmobs:bison":1,"minecraft:piglin":2,"minecraft:creeper":3,"minecraft:zombie":3},"minecraft:mined":{"minecraft:nether_gold_ore":11,"alexsmobs:skunk_spray":1,"minecraft:spruce_planks":3,"minecraft:white_bed":4,"minecraft:jungle_slab":2,"minecraft:granite":20,"minecraft:grass_block":10,"minecraft:spruce_fence":1,"minecraft:jungle_planks":1,"minecraft:brown_wool":1,"minecraft:hay_block":20,"minecraft:iron_ore":11,"minecraft:fire":1,"minecraft:andesite":7,"minecraft:cobblestone_slab":56,"minecraft:stone":165,"minecraft:crafting_table":5,"minecraft:torch":6,"minecraft:chest":1,"minecraft:tall_grass":2,"minecraft:cobblestone":22,"minecraft:sugar_cane":4,"minecraft:oak_planks":13,"minecraft:diorite":1,"minecraft:wall_torch":1,"minecraft:birch_planks":1,"minecraft:cobblestone_wall":2,"minecraft:birch_log":10,"minecraft:wheat":1,"minecraft:grass":47,"minecraft:coal_ore":7,"minecraft:oak_log":18,"minecraft:dirt":21,"minecraft:terracotta":2,"minecraft:netherrack":58,"minecraft:oak_leaves":8,"minecraft:fern":2},"minecraft:crafted":{"minecraft:black_dye":3,"minecraft:oak_planks":60,"minecraft:cobblestone_slab":60,"minecraft:cooked_chicken":1,"minecraft:stone_pickaxe":1,"minecraft:chest":1,"minecraft:black_wool":2,"minecraft:golden_boots":1,"minecraft:wheat":180,"minecraft:cooked_beef":1,"minecraft:cooked_porkchop":2,"minecraft:crafting_table":4,"minecraft:wooden_pickaxe":1,"minecraft:bucket":1,"minecraft:birch_planks":40,"minecraft:stone_axe":2,"minecraft:bread":60,"minecraft:air":0,"minecraft:shield":1,"minecraft:stick":12,"minecraft:iron_ingot":1,"minecraft:iron_pickaxe":1,"minecraft:wooden_axe":2,"minecraft:gold_ingot":4,"minecraft:torch":16},"minecraft:used":{"minecraft:chest":1,"minecraft:spruce_planks":2,"minecraft:cooked_chicken":1,"minecraft:netherrack":31,"minecraft:torch":15,"minecraft:dirt":47,"minecraft:jungle_planks":1,"minecraft:cobblestone_wall":1,"minecraft:jungle_slab":2,"minecraft:spruce_fence":1,"minecraft:granite":20,"minecraft:spruce_boat":6,"minecraft:wooden_axe":37,"minecraft:lava_bucket":2,"minecraft:birch_sapling":5,"minecraft:furnace":1,"minecraft:oak_sapling":19,"minecraft:egg":1,"minecraft:cooked_beef":6,"minecraft:potato":8,"minecraft:cobbled_deepslate":9,"minecraft:golden_boots":1,"minecraft:wheat_seeds":1,"minecraft:cooked_mutton":3,"minecraft:water_bucket":71,"minecraft:diorite":4,"minecraft:birch_planks":3,"minecraft:stone_pickaxe":125,"minecraft:oak_planks":20,"minecraft:wooden_pickaxe":70,"minecraft:cobblestone_slab":84,"minecraft:mossy_cobblestone":1,"minecraft:terracotta":2,"minecraft:crafting_table":8,"minecraft:white_bed":3,"minecraft:oak_log":2,"minecraft:apple":2,"minecraft:chicken":5,"minecraft:bread":2,"minecraft:iron_pickaxe":170,"minecraft:suspicious_stew":1,"minecraft:stone_axe":87,"minecraft:cobblestone":90,"minecraft:cooked_porkchop":2,"minecraft:bucket":74,"minecraft:andesite":7,"alexsmobs:animal_dictionary":1,"minecraft:experience_bottle":1},"minecraft:broken":{"minecraft:wooden_pickaxe":1,"minecraft:stone_axe":1},"minecraft:killed_by":{"minecraft:creeper":4,"goatman:goatman":1,"alexsmobs:murmur_head":1,"cartoon_dweller:cartoon_dweller":3,"minecraft:skeleton":1,"minecraft:zombie":3,"torture:torture":1},"minecraft:dropped":{"minecraft:iron_ingot":3,"minecraft:bread":1,"minecraft:black_dye":1,"minecraft:birch_planks":1,"minecraft:wheat_seeds":6,"minecraft:clock":2,"minecraft:feather":10,"minecraft:wooden_axe":2,"minecraft:brown_wool":1,"minecraft:gold_nugget":1,"minecraft:oak_door":1,"minecraft:iron_nugget":1,"minecraft:cobblestone_wall":9,"minecraft:bowl":1,"minecraft:oak_planks":12,"minecraft:suspicious_stew":2,"minecraft:leather_chestplate":2,"minecraft:potato":6,"minecraft:cobblestone_slab":1,"minecraft:gunpowder":3,"minecraft:netherrack":23,"minecraft:black_wool":2},"minecraft:custom":{"minecraft:mob_kills":15,"minecraft:interact_with_crafting_table":27,"minecraft:leave_game":9,"minecraft:time_since_death":2479,"minecraft:climb_one_cm":14439,"minecraft:sprint_one_cm":352505,"minecraft:walk_one_cm":248090,"minecraft:drop":58,"minecraft:talked_to_villager":2,"minecraft:play_time":177339,"minecraft:deaths":26,"minecraft:sneak_time":16898,"minecraft:walk_under_water_one_cm":23279,"minecraft:boat_one_cm":244701,"minecraft:jump":2692,"minecraft:walk_on_water_one_cm":33278,"minecraft:total_world_time":177339,"minecraft:interact_with_furnace":20,"minecraft:interact_with_grindstone":1,"minecraft:sleep_in_bed":9,"minecraft:time_since_rest":2509,"minecraft:damage_taken":8783,"minecraft:damage_dealt":3022,"minecraft:swim_one_cm":20180,"minecraft:fly_one_cm":546618,"minecraft:open_chest":43,"minecraft:crouch_one_cm":45184,"minecraft:fall_one_cm":115840}},"DataVersion":3120}