{"stats":{"minecraft:picked_up":{"minecraft:wooden_axe":1,"minecraft:crafting_table":5,"minecraft:chicken":4,"minecraft:suspicious_stew":1,"minecraft:string":2,"minecraft:experience_bottle":1,"minecraft:gold_nugget":43,"minecraft:cobbled_deepslate":30,"minecraft:spruce_planks":2,"minecraft:cobblestone_slab":113,"minecraft:iron_nugget":16,"minecraft:chest":1,"minecraft:birch_sapling":5,"minecraft:furnace":1,"minecraft:egg":1,"minecraft:stick":14,"minecraft:raw_iron":15,"minecraft:oak_door":1,"minecraft:torch":10,"minecraft:spruce_fence":1,"minecraft:diorite":4,"minecraft:arrow":5,"minecraft:rotten_flesh":5,"minecraft:hay_block":20,"minecraft:gold_ingot":1,"minecraft:white_wool":2,"minecraft:cobblestone":208,"minecraft:birch_log":10,"minecraft:leather_chestplate":1,"minecraft:feather":7,"minecraft:clock":1,"minecraft:cooked_beef":29,"minecraft:andesite":7,"minecraft:brown_wool":1,"minecraft:potato":6,"minecraft:birch_planks":1,"alexsmobs:bison_fur":1,"minecraft:oak_log":17,"minecraft:gunpowder":3,"minecraft:cobblestone_wall":10,"minecraft:dirt":47,"minecraft:cooked_mutton":1,"minecraft:bone":6,"minecraft:apple":2,"minecraft:wheat_seeds":7,"alexsmobs:cockroach_wing_fragment":1,"minecraft:oak_planks":24,"minecraft:jungle_planks":1,"minecraft:white_bed":3,"minecraft:jungle_slab":2,"minecraft:mossy_cobblestone":1,"minecraft:diamond":6,"minecraft:spruce_boat":7,"minecraft:granite":20,"minecraft:bread":4,"minecraft:terracotta":2,"minecraft:oak_sapling":19,"minecraft:netherrack":54,"minecraft:coal":7},"minecraft:killed":{"alexsmobs:raccoon":2,"minecraft:skeleton":4,"minecraft:chicken":4,"alexsmobs:comb_jelly":1,"alexsmobs:bison":1,"minecraft:piglin":2,"minecraft:creeper":3,"alexsmobs:cockroach":1,"minecraft:zombie":13},"minecraft:mined":{"minecraft:nether_gold_ore":11,"alexsmobs:skunk_spray":1,"minecraft:spruce_planks":3,"minecraft:white_bed":4,"minecraft:deepslate_diamond_ore":5,"minecraft:jungle_slab":2,"minecraft:glow_lichen":3,"minecraft:granite":20,"minecraft:grass_block":10,"minecraft:spruce_fence":1,"minecraft:jungle_planks":1,"minecraft:brown_wool":1,"minecraft:hay_block":20,"minecraft:iron_ore":15,"minecraft:fire":1,"minecraft:andesite":7,"minecraft:cobblestone_slab":60,"minecraft:stone":195,"minecraft:crafting_table":5,"minecraft:torch":6,"minecraft:chest":1,"minecraft:tall_grass":2,"minecraft:cobblestone":28,"minecraft:sugar_cane":4,"minecraft:oak_planks":13,"minecraft:diorite":1,"minecraft:wall_torch":2,"minecraft:birch_planks":1,"minecraft:cobblestone_wall":2,"minecraft:birch_log":10,"minecraft:wheat":1,"minecraft:grass":47,"minecraft:coal_ore":7,"minecraft:oak_log":18,"minecraft:dirt":21,"minecraft:terracotta":2,"minecraft:netherrack":58,"minecraft:oak_leaves":8,"minecraft:deepslate":28,"minecraft:fern":2},"minecraft:crafted":{"minecraft:black_dye":3,"minecraft:oak_planks":60,"minecraft:cobblestone_slab":60,"minecraft:cooked_chicken":1,"minecraft:stone_pickaxe":1,"minecraft:chest":1,"minecraft:black_wool":2,"minecraft:stone_hoe":1,"minecraft:golden_boots":1,"minecraft:wheat":180,"minecraft:cooked_beef":1,"minecraft:cooked_porkchop":2,"minecraft:crafting_table":4,"minecraft:wooden_pickaxe":1,"minecraft:bucket":1,"minecraft:birch_planks":40,"minecraft:stone_axe":2,"minecraft:bread":60,"minecraft:air":0,"minecraft:diamond_pickaxe":1,"minecraft:shield":1,"minecraft:stick":16,"minecraft:iron_ingot":22,"minecraft:iron_pickaxe":1,"minecraft:wooden_axe":2,"minecraft:gold_ingot":4,"minecraft:torch":40},"minecraft:used":{"minecraft:chest":1,"minecraft:spruce_planks":2,"minecraft:shield":28,"minecraft:stone_hoe":1,"minecraft:cooked_chicken":1,"minecraft:netherrack":31,"minecraft:torch":50,"minecraft:dirt":47,"minecraft:jungle_planks":1,"minecraft:cobblestone_wall":1,"minecraft:jungle_slab":2,"minecraft:spruce_fence":1,"minecraft:granite":20,"minecraft:spruce_boat":7,"minecraft:wooden_axe":37,"minecraft:lava_bucket":4,"minecraft:birch_sapling":5,"minecraft:furnace":1,"minecraft:oak_sapling":19,"minecraft:egg":1,"minecraft:cooked_beef":6,"minecraft:potato":8,"minecraft:cobbled_deepslate":26,"minecraft:golden_boots":1,"minecraft:wheat_seeds":1,"minecraft:cooked_mutton":3,"minecraft:water_bucket":111,"minecraft:diorite":4,"minecraft:birch_planks":3,"minecraft:stone_pickaxe":125,"minecraft:oak_planks":20,"minecraft:wooden_pickaxe":70,"minecraft:cobblestone_slab":137,"minecraft:mossy_cobblestone":1,"minecraft:terracotta":2,"minecraft:crafting_table":8,"minecraft:white_bed":3,"minecraft:oak_log":2,"minecraft:apple":2,"minecraft:chicken":5,"minecraft:bread":24,"minecraft:iron_pickaxe":247,"minecraft:suspicious_stew":1,"minecraft:stone_axe":136,"minecraft:cobblestone":99,"minecraft:cooked_porkchop":2,"minecraft:bucket":115,"minecraft:andesite":7,"alexsmobs:animal_dictionary":1,"minecraft:experience_bottle":1},"minecraft:killed_by":{"minecraft:creeper":4,"minecraft:enderman":1,"goatman:goatman":3,"alexsmobs:murmur_head":1,"cartoon_dweller:cartoon_dweller":3,"mimicer:mimicer":1,"alexsmobs:centipede_head":1,"minecraft:skeleton":1,"minecraft:zombie":4,"mokey:mokey":2,"torture:torture":2},"minecraft:broken":{"minecraft:golden_boots":1,"minecraft:wooden_pickaxe":1,"minecraft:stone_axe":1},"minecraft:dropped":{"minecraft:iron_ingot":3,"minecraft:bread":1,"minecraft:black_dye":1,"minecraft:birch_planks":1,"minecraft:wheat_seeds":6,"minecraft:clock":2,"minecraft:feather":10,"minecraft:wooden_axe":2,"minecraft:brown_wool":1,"minecraft:gold_nugget":7,"minecraft:bone":2,"minecraft:oak_door":1,"minecraft:iron_nugget":7,"minecraft:cobbled_deepslate":4,"minecraft:cobblestone_wall":9,"minecraft:bowl":1,"minecraft:rotten_flesh":5,"minecraft:oak_planks":12,"minecraft:suspicious_stew":2,"minecraft:leather_chestplate":2,"minecraft:potato":6,"minecraft:cobblestone_slab":1,"minecraft:gunpowder":3,"alexsmobs:cockroach_wing_fragment":1,"minecraft:arrow":2,"minecraft:netherrack":23,"minecraft:black_wool":2},"minecraft:custom":{"minecraft:mob_kills":34,"minecraft:interact_with_crafting_table":32,"minecraft:leave_game":9,"minecraft:time_since_death":3122,"minecraft:climb_one_cm":15172,"minecraft:sprint_one_cm":460038,"minecraft:walk_one_cm":303439,"minecraft:damage_blocked_by_shield":1050,"minecraft:drop":68,"minecraft:talked_to_villager":2,"minecraft:play_time":219339,"minecraft:deaths":36,"minecraft:sneak_time":19761,"minecraft:walk_under_water_one_cm":36073,"minecraft:boat_one_cm":244701,"minecraft:jump":3921,"minecraft:walk_on_water_one_cm":64442,"minecraft:total_world_time":219339,"minecraft:interact_with_furnace":44,"minecraft:interact_with_grindstone":1,"minecraft:sleep_in_bed":17,"minecraft:time_since_rest":3149,"minecraft:damage_taken":12438,"minecraft:damage_dealt":6971,"minecraft:swim_one_cm":25621,"minecraft:fly_one_cm":807710,"minecraft:open_chest":49,"minecraft:crouch_one_cm":50580,"minecraft:fall_one_cm":161411}},"DataVersion":3120}