{"stats":{"minecraft:picked_up":{"minecraft:wooden_axe":1,"minecraft:birch_log":10,"minecraft:crafting_table":4,"minecraft:leather_chestplate":1,"minecraft:feather":5,"minecraft:chicken":4,"minecraft:suspicious_stew":1,"minecraft:andesite":7,"minecraft:potato":6,"alexsmobs:bison_fur":1,"minecraft:oak_log":17,"minecraft:gunpowder":2,"minecraft:cobblestone_wall":4,"minecraft:dirt":31,"minecraft:string":2,"minecraft:cooked_mutton":1,"minecraft:bone":2,"minecraft:experience_bottle":1,"minecraft:apple":2,"minecraft:wheat_seeds":5,"minecraft:gold_nugget":42,"minecraft:cobbled_deepslate":9,"minecraft:spruce_planks":2,"minecraft:cobblestone_slab":2,"minecraft:iron_nugget":15,"minecraft:birch_sapling":5,"minecraft:chest":1,"minecraft:oak_planks":21,"minecraft:egg":1,"minecraft:stick":14,"minecraft:raw_iron":6,"minecraft:torch":6,"minecraft:spruce_fence":1,"minecraft:jungle_planks":1,"minecraft:diorite":4,"minecraft:white_bed":3,"minecraft:jungle_slab":2,"minecraft:spruce_boat":6,"minecraft:granite":20,"minecraft:gold_ingot":1,"minecraft:bread":4,"minecraft:oak_sapling":19,"minecraft:netherrack":54,"minecraft:cobblestone":90},"minecraft:killed":{"minecraft:piglin":2,"minecraft:creeper":2,"minecraft:skeleton":1,"minecraft:zombie":3,"minecraft:chicken":4,"alexsmobs:bison":1},"minecraft:mined":{"minecraft:nether_gold_ore":11,"alexsmobs:skunk_spray":1,"minecraft:spruce_planks":3,"minecraft:white_bed":4,"minecraft:jungle_slab":2,"minecraft:crafting_table":4,"minecraft:torch":4,"minecraft:granite":20,"minecraft:grass_block":8,"minecraft:spruce_fence":1,"minecraft:jungle_planks":1,"minecraft:chest":1,"minecraft:tall_grass":1,"minecraft:cobblestone":10,"minecraft:sugar_cane":4,"minecraft:oak_planks":9,"minecraft:diorite":1,"minecraft:wall_torch":1,"minecraft:cobblestone_wall":2,"minecraft:birch_log":10,"minecraft:iron_ore":6,"minecraft:fire":1,"minecraft:andesite":7,"minecraft:grass":33,"minecraft:oak_log":18,"minecraft:cobblestone_slab":1,"minecraft:dirt":15,"minecraft:stone":79,"minecraft:netherrack":58,"minecraft:oak_leaves":6,"minecraft:fern":2},"minecraft:crafted":{"minecraft:cooked_beef":1,"minecraft:oak_planks":60,"minecraft:cooked_porkchop":2,"minecraft:crafting_table":4,"minecraft:wooden_pickaxe":1,"minecraft:cooked_chicken":1,"minecraft:bucket":1,"minecraft:birch_planks":40,"minecraft:stone_axe":1,"minecraft:air":0,"minecraft:stick":12,"minecraft:iron_ingot":1,"minecraft:iron_pickaxe":1,"minecraft:stone_pickaxe":1,"minecraft:wooden_axe":2,"minecraft:chest":1,"minecraft:gold_ingot":4,"minecraft:torch":16,"minecraft:golden_boots":1},"minecraft:used":{"minecraft:cooked_mutton":3,"minecraft:water_bucket":19,"minecraft:diorite":4,"minecraft:birch_planks":2,"minecraft:stone_pickaxe":125,"minecraft:oak_planks":16,"minecraft:spruce_planks":2,"minecraft:chest":1,"minecraft:wooden_pickaxe":70,"minecraft:cobblestone_slab":2,"minecraft:cooked_chicken":1,"minecraft:netherrack":31,"minecraft:torch":6,"minecraft:dirt":25,"minecraft:crafting_table":7,"minecraft:jungle_planks":1,"minecraft:jungle_slab":2,"minecraft:white_bed":3,"minecraft:granite":20,"minecraft:spruce_fence":1,"minecraft:spruce_boat":6,"minecraft:oak_log":2,"minecraft:wooden_axe":37,"minecraft:lava_bucket":1,"minecraft:apple":2,"minecraft:iron_pickaxe":3,"minecraft:chicken":5,"minecraft:suspicious_stew":1,"minecraft:bread":2,"minecraft:birch_sapling":5,"minecraft:stone_axe":55,"minecraft:cobblestone":84,"minecraft:oak_sapling":19,"minecraft:cooked_porkchop":2,"minecraft:bucket":21,"minecraft:andesite":7,"minecraft:potato":8,"alexsmobs:animal_dictionary":1,"minecraft:egg":1,"minecraft:cooked_beef":1,"minecraft:cobbled_deepslate":9,"minecraft:experience_bottle":1,"minecraft:golden_boots":1},"minecraft:broken":{"minecraft:wooden_pickaxe":1},"minecraft:killed_by":{"minecraft:skeleton":1,"minecraft:creeper":3,"minecraft:zombie":1,"torture:torture":1,"goatman:goatman":1},"minecraft:dropped":{"minecraft:bread":1,"minecraft:wheat_seeds":5,"minecraft:cobblestone_wall":1,"minecraft:bowl":1,"minecraft:oak_planks":12,"minecraft:suspicious_stew":2,"minecraft:leather_chestplate":2,"minecraft:potato":6,"minecraft:gunpowder":2,"minecraft:wooden_axe":2,"minecraft:netherrack":23},"minecraft:custom":{"minecraft:interact_with_furnace":18,"minecraft:mob_kills":12,"minecraft:interact_with_crafting_table":16,"minecraft:leave_game":6,"minecraft:time_since_death":5808,"minecraft:climb_one_cm":7870,"minecraft:sleep_in_bed":3,"minecraft:time_since_rest":5838,"minecraft:sprint_one_cm":214986,"minecraft:damage_taken":3670,"minecraft:walk_one_cm":136042,"minecraft:drop":39,"minecraft:damage_dealt":1810,"minecraft:swim_one_cm":9919,"minecraft:fly_one_cm":316451,"minecraft:open_chest":35,"minecraft:crouch_one_cm":32921,"minecraft:play_time":97402,"minecraft:deaths":10,"minecraft:sneak_time":11065,"minecraft:walk_under_water_one_cm":9342,"minecraft:boat_one_cm":244701,"minecraft:jump":1666,"minecraft:walk_on_water_one_cm":13889,"minecraft:total_world_time":97402,"minecraft:fall_one_cm":65851}},"DataVersion":3120}