{"stats":{"minecraft:killed":{"minecraft:skeleton":1,"minecraft:zombie":2,"alexsmobs:bison":1},"minecraft:picked_up":{"minecraft:wooden_axe":1,"minecraft:birch_log":10,"minecraft:crafting_table":2,"minecraft:andesite":7,"minecraft:oak_log":17,"minecraft:dirt":4,"minecraft:bone":2,"minecraft:birch_sapling":5,"minecraft:oak_planks":18,"minecraft:raw_iron":6,"minecraft:stick":6,"minecraft:torch":6,"minecraft:diorite":4,"minecraft:white_bed":3,"minecraft:granite":3,"minecraft:oak_sapling":5,"minecraft:cobblestone":76},"minecraft:killed_by":{"minecraft:creeper":2,"minecraft:zombie":1,"torture:torture":1,"goatman:goatman":1},"minecraft:crafted":{"minecraft:cooked_beef":1,"minecraft:oak_planks":60,"minecraft:cooked_porkchop":2,"minecraft:crafting_table":2,"minecraft:wooden_pickaxe":1,"minecraft:cooked_chicken":1,"minecraft:birch_planks":40,"minecraft:stone_axe":1,"minecraft:air":0,"minecraft:stick":12,"minecraft:stone_pickaxe":1,"minecraft:wooden_axe":2,"minecraft:chest":1},"minecraft:mined":{"alexsmobs:skunk_spray":1,"minecraft:white_bed":3,"minecraft:crafting_table":2,"minecraft:torch":4,"minecraft:granite":3,"minecraft:grass_block":2,"minecraft:cobblestone":5,"minecraft:oak_planks":5,"minecraft:diorite":1,"minecraft:wall_torch":1,"minecraft:birch_log":10,"minecraft:iron_ore":6,"minecraft:fire":1,"minecraft:andesite":7,"minecraft:grass":3,"minecraft:oak_log":18,"minecraft:dirt":6,"minecraft:stone":64,"minecraft:oak_leaves":2},"minecraft:custom":{"minecraft:interact_with_furnace":18,"minecraft:mob_kills":3,"minecraft:interact_with_crafting_table":8,"minecraft:leave_game":4,"minecraft:time_since_death":4680,"minecraft:sleep_in_bed":1,"minecraft:time_since_rest":4707,"minecraft:sprint_one_cm":96318,"minecraft:damage_taken":1770,"minecraft:walk_one_cm":60235,"minecraft:drop":3,"minecraft:damage_dealt":733,"minecraft:swim_one_cm":2357,"minecraft:fly_one_cm":134474,"minecraft:open_chest":18,"minecraft:crouch_one_cm":18286,"minecraft:play_time":39169,"minecraft:deaths":5,"minecraft:sneak_time":6407,"minecraft:walk_under_water_one_cm":494,"minecraft:jump":729,"minecraft:walk_on_water_one_cm":1031,"minecraft:total_world_time":39169,"minecraft:fall_one_cm":30365},"minecraft:dropped":{"minecraft:oak_planks":12,"minecraft:wooden_axe":2},"minecraft:used":{"minecraft:cooked_mutton":2,"minecraft:diorite":4,"minecraft:stone_pickaxe":71,"minecraft:oak_planks":11,"minecraft:chest":1,"minecraft:wooden_pickaxe":16,"minecraft:torch":6,"minecraft:dirt":4,"minecraft:crafting_table":4,"minecraft:white_bed":3,"minecraft:granite":3,"minecraft:oak_log":2,"minecraft:wooden_axe":37,"minecraft:birch_sapling":5,"minecraft:stone_axe":10,"minecraft:cobblestone":70,"minecraft:oak_sapling":5,"minecraft:cooked_porkchop":2,"minecraft:andesite":7,"alexsmobs:animal_dictionary":1,"minecraft:cooked_beef":1}},"DataVersion":3120}