{"stats":{"minecraft:picked_up":{"minecraft:wooden_axe":1,"minecraft:crafting_table":4,"minecraft:chicken":4,"minecraft:suspicious_stew":1,"minecraft:string":2,"minecraft:experience_bottle":1,"minecraft:gold_nugget":42,"minecraft:cobbled_deepslate":9,"minecraft:spruce_planks":2,"minecraft:cobblestone_slab":2,"minecraft:iron_nugget":15,"minecraft:chest":1,"minecraft:birch_sapling":5,"minecraft:egg":1,"minecraft:raw_iron":6,"minecraft:stick":14,"minecraft:torch":7,"minecraft:spruce_fence":1,"minecraft:diorite":4,"minecraft:gold_ingot":1,"minecraft:white_wool":2,"minecraft:cobblestone":91,"minecraft:birch_log":10,"minecraft:leather_chestplate":1,"minecraft:feather":5,"minecraft:andesite":7,"minecraft:brown_wool":1,"minecraft:potato":6,"alexsmobs:bison_fur":1,"minecraft:oak_log":17,"minecraft:cobblestone_wall":9,"minecraft:gunpowder":3,"minecraft:dirt":42,"minecraft:cooked_mutton":1,"minecraft:bone":2,"minecraft:apple":2,"minecraft:wheat_seeds":6,"minecraft:oak_planks":21,"minecraft:jungle_planks":1,"minecraft:white_bed":3,"minecraft:jungle_slab":2,"minecraft:spruce_boat":6,"minecraft:granite":20,"minecraft:bread":4,"minecraft:oak_sapling":19,"minecraft:netherrack":54},"minecraft:killed":{"minecraft:skeleton":2,"minecraft:chicken":4,"alexsmobs:bison":1,"minecraft:piglin":2,"minecraft:creeper":3,"minecraft:zombie":3},"minecraft:crafted":{"minecraft:black_dye":3,"minecraft:oak_planks":60,"minecraft:cooked_chicken":1,"minecraft:stone_pickaxe":1,"minecraft:chest":1,"minecraft:black_wool":2,"minecraft:golden_boots":1,"minecraft:cooked_beef":1,"minecraft:cooked_porkchop":2,"minecraft:crafting_table":4,"minecraft:wooden_pickaxe":1,"minecraft:bucket":1,"minecraft:birch_planks":40,"minecraft:stone_axe":1,"minecraft:air":0,"minecraft:stick":12,"minecraft:iron_ingot":1,"minecraft:iron_pickaxe":1,"minecraft:wooden_axe":2,"minecraft:gold_ingot":4,"minecraft:torch":16},"minecraft:mined":{"minecraft:nether_gold_ore":11,"alexsmobs:skunk_spray":1,"minecraft:spruce_planks":3,"minecraft:white_bed":4,"minecraft:jungle_slab":2,"minecraft:granite":20,"minecraft:grass_block":8,"minecraft:spruce_fence":1,"minecraft:jungle_planks":1,"minecraft:brown_wool":1,"minecraft:iron_ore":6,"minecraft:fire":1,"minecraft:andesite":7,"minecraft:cobblestone_slab":1,"minecraft:stone":79,"minecraft:crafting_table":4,"minecraft:torch":4,"minecraft:chest":1,"minecraft:tall_grass":1,"minecraft:cobblestone":11,"minecraft:oak_planks":9,"minecraft:sugar_cane":4,"minecraft:diorite":1,"minecraft:wall_torch":1,"minecraft:cobblestone_wall":2,"minecraft:birch_log":10,"minecraft:wheat":1,"minecraft:grass":45,"minecraft:oak_log":18,"minecraft:dirt":17,"minecraft:netherrack":58,"minecraft:oak_leaves":6,"minecraft:fern":2},"minecraft:used":{"minecraft:chest":1,"minecraft:spruce_planks":2,"minecraft:cooked_chicken":1,"minecraft:netherrack":31,"minecraft:torch":7,"minecraft:dirt":36,"minecraft:jungle_planks":1,"minecraft:cobblestone_wall":1,"minecraft:jungle_slab":2,"minecraft:spruce_fence":1,"minecraft:granite":20,"minecraft:spruce_boat":6,"minecraft:wooden_axe":37,"minecraft:lava_bucket":2,"minecraft:birch_sapling":5,"minecraft:oak_sapling":19,"minecraft:egg":1,"minecraft:cooked_beef":1,"minecraft:potato":8,"minecraft:cobbled_deepslate":9,"minecraft:golden_boots":1,"minecraft:wheat_seeds":1,"minecraft:cooked_mutton":3,"minecraft:water_bucket":33,"minecraft:diorite":4,"minecraft:birch_planks":2,"minecraft:stone_pickaxe":125,"minecraft:oak_planks":16,"minecraft:wooden_pickaxe":70,"minecraft:cobblestone_slab":2,"minecraft:crafting_table":7,"minecraft:white_bed":3,"minecraft:oak_log":2,"minecraft:apple":2,"minecraft:chicken":5,"minecraft:bread":2,"minecraft:suspicious_stew":1,"minecraft:iron_pickaxe":4,"minecraft:stone_axe":62,"minecraft:cobblestone":85,"minecraft:cooked_porkchop":2,"minecraft:andesite":7,"minecraft:bucket":36,"alexsmobs:animal_dictionary":1,"minecraft:experience_bottle":1},"minecraft:broken":{"minecraft:wooden_pickaxe":1},"minecraft:killed_by":{"minecraft:creeper":4,"goatman:goatman":1,"cartoon_dweller:cartoon_dweller":1,"minecraft:skeleton":1,"minecraft:zombie":2,"torture:torture":1},"minecraft:dropped":{"minecraft:iron_ingot":3,"minecraft:bread":1,"minecraft:black_dye":1,"minecraft:wheat_seeds":5,"minecraft:wooden_axe":2,"minecraft:brown_wool":1,"minecraft:cobblestone_wall":8,"minecraft:bowl":1,"minecraft:oak_planks":12,"minecraft:suspicious_stew":2,"minecraft:leather_chestplate":2,"minecraft:potato":6,"minecraft:gunpowder":3,"minecraft:netherrack":23,"minecraft:black_wool":2},"minecraft:custom":{"minecraft:mob_kills":14,"minecraft:interact_with_crafting_table":18,"minecraft:leave_game":6,"minecraft:time_since_death":12064,"minecraft:climb_one_cm":10295,"minecraft:sprint_one_cm":256586,"minecraft:walk_one_cm":159586,"minecraft:drop":48,"minecraft:play_time":121402,"minecraft:deaths":14,"minecraft:sneak_time":13176,"minecraft:walk_under_water_one_cm":13395,"minecraft:boat_one_cm":244701,"minecraft:jump":1929,"minecraft:walk_on_water_one_cm":16288,"minecraft:total_world_time":121402,"minecraft:interact_with_furnace":18,"minecraft:sleep_in_bed":5,"minecraft:time_since_rest":1332,"minecraft:damage_taken":5066,"minecraft:damage_dealt":2168,"minecraft:swim_one_cm":12819,"minecraft:fly_one_cm":382673,"minecraft:open_chest":36,"minecraft:crouch_one_cm":36583,"minecraft:fall_one_cm":73312}},"DataVersion":3120}