{"stats":{"minecraft:picked_up":{"minecraft:birch_log":18,"minecraft:charcoal":13,"minecraft:crafting_table":13,"minecraft:leather":2,"minecraft:birch_planks":6,"minecraft:oak_log":37,"minecraft:shield":1,"minecraft:dirt":76,"minecraft:cooked_mutton":1,"minecraft:bone":5,"alexsmobs:serrated_shark_tooth":4,"minecraft:apple":1,"minecraft:cobbled_deepslate":3,"minecraft:iron_ingot":2,"minecraft:beef":2,"minecraft:birch_sapling":2,"minecraft:oak_planks":12,"minecraft:furnace":9,"minecraft:egg":1,"minecraft:spruce_pressure_plate":1,"minecraft:stick":9,"minecraft:raw_iron":7,"minecraft:cooked_porkchop":2,"minecraft:torch":8,"alexsmobs:crocodile_egg":1,"minecraft:porkchop":12,"minecraft:spruce_sapling":10,"minecraft:diorite":4,"minecraft:white_bed":4,"minecraft:spruce_log":42,"minecraft:arrow":5,"minecraft:rotten_flesh":6,"minecraft:spruce_boat":1,"minecraft:granite":6,"minecraft:oak_sapling":6,"minecraft:mutton":5,"minecraft:coal":37,"minecraft:white_wool":4,"minecraft:cobblestone":71},"minecraft:killed":{"minecraft:pig":2,"alexsmobs:grizzly_bear":1,"alexsmobs:skunk":1,"alexsmobs:seal":1,"alexsmobs:seagull":1,"minecraft:skeleton":3,"minecraft:sheep":4,"minecraft:zombie":6,"alexsmobs:crocodile":1,"minecraft:drowned":1,"minecraft:cow":2},"minecraft:mined":{"alexsmobs:skunk_spray":5,"minecraft:white_bed":3,"minecraft:crafting_table":13,"minecraft:torch":4,"minecraft:granite":6,"minecraft:grass_block":19,"minecraft:tall_grass":19,"minecraft:cobblestone":6,"minecraft:spruce_leaves":8,"minecraft:oak_planks":16,"minecraft:diorite":1,"minecraft:birch_planks":6,"minecraft:furnace":9,"minecraft:fire":1,"minecraft:birch_log":13,"minecraft:iron_ore":8,"minecraft:spruce_log":39,"minecraft:grass":11,"minecraft:oak_log":36,"minecraft:coal_ore":12,"minecraft:dirt":53,"minecraft:stone":75,"minecraft:oak_leaves":2,"minecraft:fern":1},"minecraft:crafted":{"minecraft:cooked_beef":2,"minecraft:oak_planks":148,"minecraft:cooked_porkchop":7,"minecraft:crafting_table":1,"minecraft:spruce_planks":104,"minecraft:wooden_pickaxe":1,"minecraft:spruce_door":3,"minecraft:furnace":1,"minecraft:bucket":1,"minecraft:birch_planks":72,"minecraft:stone_axe":4,"minecraft:cooked_mutton":5,"minecraft:spruce_pressure_plate":1,"minecraft:air":0,"minecraft:oak_boat":1,"minecraft:spruce_trapdoor":2,"minecraft:iron_chestplate":1,"minecraft:charcoal":16,"minecraft:shield":3,"minecraft:stick":12,"minecraft:iron_ingot":14,"minecraft:stone_pickaxe":1,"minecraft:stone_sword":2,"minecraft:chest":2,"minecraft:white_bed":2,"minecraft:spruce_boat":2,"minecraft:torch":36},"minecraft:used":{"minecraft:cooked_mutton":5,"minecraft:water_bucket":22,"minecraft:stone_sword":31,"minecraft:spruce_door":1,"minecraft:flint_and_steel":2,"minecraft:birch_planks":59,"minecraft:stone_pickaxe":97,"minecraft:oak_planks":133,"minecraft:chest":2,"minecraft:spruce_planks":53,"minecraft:wooden_pickaxe":20,"minecraft:shield":16,"minecraft:iron_chestplate":1,"minecraft:torch":29,"minecraft:dirt":56,"minecraft:crafting_table":12,"minecraft:white_bed":4,"minecraft:spruce_boat":2,"minecraft:lava_bucket":8,"minecraft:spruce_trapdoor":2,"minecraft:stone_axe":175,"minecraft:cobblestone":31,"minecraft:furnace":8,"minecraft:cooked_porkchop":6,"minecraft:bucket":31,"alexsmobs:animal_dictionary":2,"minecraft:egg":1},"minecraft:killed_by":{"minecraft:zombie":1,"cartoon_dweller:cartoon_dweller":1},"minecraft:dropped":{"minecraft:bread":4,"minecraft:stone_axe":1,"minecraft:stone_sword":1,"minecraft:apple":1,"minecraft:cooked_mutton":1,"minecraft:dirt":1,"minecraft:shield":3,"minecraft:wooden_axe":1,"minecraft:spruce_pressure_plate":2,"alexsmobs:serrated_shark_tooth":2,"minecraft:wooden_pickaxe":1},"minecraft:custom":{"minecraft:interact_with_furnace":43,"minecraft:mob_kills":24,"minecraft:interact_with_crafting_table":25,"minecraft:leave_game":1,"minecraft:time_since_death":38649,"minecraft:sleep_in_bed":5,"minecraft:time_since_rest":6485,"minecraft:sprint_one_cm":121693,"minecraft:damage_taken":1390,"minecraft:walk_one_cm":263052,"minecraft:damage_blocked_by_shield":800,"minecraft:drop":16,"minecraft:damage_dealt":3116,"minecraft:swim_one_cm":14970,"minecraft:fly_one_cm":130323,"minecraft:open_chest":18,"minecraft:crouch_one_cm":65720,"minecraft:play_time":120006,"minecraft:sneak_time":18226,"minecraft:deaths":2,"minecraft:walk_under_water_one_cm":21890,"minecraft:boat_one_cm":249295,"minecraft:jump":1012,"minecraft:walk_on_water_one_cm":8520,"minecraft:total_world_time":120006,"minecraft:fall_one_cm":20948}},"DataVersion":3120}