{"stats":{"minecraft:killed":{"minecraft:pig":2,"alexsmobs:grizzly_bear":1,"alexsmobs:skunk":1,"alexsmobs:seal":1,"alexsmobs:seagull":1,"minecraft:sheep":4,"alexsmobs:crocodile":1,"minecraft:drowned":1},"minecraft:picked_up":{"minecraft:birch_log":13,"minecraft:charcoal":1,"minecraft:crafting_table":9,"minecraft:oak_log":36,"minecraft:dirt":53,"alexsmobs:serrated_shark_tooth":2,"minecraft:apple":1,"minecraft:birch_sapling":2,"minecraft:furnace":4,"minecraft:stick":7,"minecraft:cooked_porkchop":2,"minecraft:torch":5,"alexsmobs:crocodile_egg":1,"minecraft:porkchop":12,"minecraft:spruce_sapling":10,"minecraft:spruce_log":42,"minecraft:rotten_flesh":2,"minecraft:spruce_boat":1,"minecraft:oak_sapling":6,"minecraft:mutton":5,"minecraft:coal":34,"minecraft:white_wool":4,"minecraft:cobblestone":35},"minecraft:killed_by":{"cartoon_dweller:cartoon_dweller":1},"minecraft:crafted":{"minecraft:oak_planks":144,"minecraft:cooked_porkchop":1,"minecraft:crafting_table":1,"minecraft:spruce_planks":104,"minecraft:wooden_pickaxe":1,"minecraft:spruce_door":3,"minecraft:furnace":1,"minecraft:stone_axe":3,"minecraft:cooked_mutton":5,"minecraft:spruce_pressure_plate":1,"minecraft:air":0,"minecraft:spruce_trapdoor":2,"minecraft:charcoal":15,"minecraft:shield":2,"minecraft:stick":12,"minecraft:iron_ingot":3,"minecraft:stone_pickaxe":1,"minecraft:stone_sword":2,"minecraft:white_bed":2,"minecraft:spruce_boat":2,"minecraft:torch":8},"minecraft:mined":{"alexsmobs:skunk_spray":5,"minecraft:crafting_table":9,"minecraft:torch":4,"minecraft:grass_block":11,"minecraft:tall_grass":3,"minecraft:spruce_leaves":8,"minecraft:furnace":4,"minecraft:birch_log":13,"minecraft:spruce_log":39,"minecraft:grass":3,"minecraft:coal_ore":12,"minecraft:oak_log":36,"minecraft:dirt":35,"minecraft:stone":35,"minecraft:oak_leaves":2,"minecraft:fern":1},"minecraft:custom":{"minecraft:interact_with_furnace":23,"minecraft:mob_kills":12,"minecraft:interact_with_crafting_table":17,"minecraft:time_since_death":37536,"minecraft:time_since_rest":37748,"minecraft:sprint_one_cm":57603,"minecraft:damage_taken":550,"minecraft:walk_one_cm":129243,"minecraft:drop":6,"minecraft:damage_dealt":1383,"minecraft:swim_one_cm":14970,"minecraft:fly_one_cm":66045,"minecraft:open_chest":1,"minecraft:crouch_one_cm":15229,"minecraft:play_time":57260,"minecraft:deaths":1,"minecraft:sneak_time":5848,"minecraft:walk_under_water_one_cm":10709,"minecraft:boat_one_cm":249295,"minecraft:jump":505,"minecraft:walk_on_water_one_cm":6552,"minecraft:total_world_time":57260,"minecraft:fall_one_cm":10681},"minecraft:dropped":{"minecraft:stone_axe":1,"minecraft:stone_sword":1,"minecraft:dirt":1,"minecraft:shield":1,"minecraft:wooden_axe":1,"minecraft:wooden_pickaxe":1},"minecraft:used":{"minecraft:cooked_mutton":5,"minecraft:stone_sword":3,"minecraft:spruce_door":1,"minecraft:stone_pickaxe":31,"minecraft:oak_planks":1,"minecraft:spruce_planks":53,"minecraft:wooden_pickaxe":20,"minecraft:torch":12,"minecraft:dirt":43,"minecraft:crafting_table":9,"minecraft:white_bed":2,"minecraft:spruce_boat":2,"minecraft:spruce_trapdoor":2,"minecraft:stone_axe":126,"minecraft:furnace":4,"alexsmobs:animal_dictionary":2}},"DataVersion":3120}