{"stats":{"minecraft:killed":{"minecraft:pig":2,"alexsmobs:grizzly_bear":1,"alexsmobs:skunk":1,"alexsmobs:seal":1,"alexsmobs:seagull":1,"minecraft:skeleton":3,"minecraft:sheep":4,"minecraft:zombie":6,"alexsmobs:crocodile":1,"minecraft:drowned":1},"minecraft:picked_up":{"minecraft:birch_log":18,"minecraft:charcoal":1,"minecraft:crafting_table":11,"minecraft:birch_planks":4,"minecraft:oak_log":37,"minecraft:dirt":66,"minecraft:cooked_mutton":1,"minecraft:bone":5,"alexsmobs:serrated_shark_tooth":4,"minecraft:apple":1,"minecraft:cobbled_deepslate":3,"minecraft:oak_planks":12,"minecraft:birch_sapling":2,"minecraft:egg":1,"minecraft:furnace":7,"minecraft:spruce_pressure_plate":1,"minecraft:stick":9,"minecraft:raw_iron":7,"minecraft:cooked_porkchop":2,"minecraft:torch":7,"alexsmobs:crocodile_egg":1,"minecraft:porkchop":12,"minecraft:white_bed":2,"minecraft:spruce_sapling":10,"minecraft:diorite":4,"minecraft:spruce_log":42,"minecraft:arrow":5,"minecraft:rotten_flesh":6,"minecraft:spruce_boat":1,"minecraft:granite":6,"minecraft:oak_sapling":6,"minecraft:mutton":5,"minecraft:coal":37,"minecraft:white_wool":4,"minecraft:cobblestone":70},"minecraft:killed_by":{"minecraft:zombie":1,"cartoon_dweller:cartoon_dweller":1},"minecraft:crafted":{"minecraft:oak_planks":144,"minecraft:cooked_porkchop":7,"minecraft:crafting_table":1,"minecraft:spruce_planks":104,"minecraft:wooden_pickaxe":1,"minecraft:spruce_door":3,"minecraft:furnace":1,"minecraft:bucket":1,"minecraft:birch_planks":52,"minecraft:stone_axe":4,"minecraft:cooked_mutton":5,"minecraft:spruce_pressure_plate":1,"minecraft:air":0,"minecraft:spruce_trapdoor":2,"minecraft:charcoal":15,"minecraft:shield":2,"minecraft:stick":12,"minecraft:iron_ingot":13,"minecraft:stone_pickaxe":1,"minecraft:stone_sword":2,"minecraft:chest":2,"minecraft:white_bed":2,"minecraft:spruce_boat":2,"minecraft:torch":28},"minecraft:mined":{"alexsmobs:skunk_spray":5,"minecraft:white_bed":1,"minecraft:crafting_table":11,"minecraft:torch":4,"minecraft:granite":6,"minecraft:grass_block":15,"minecraft:cobblestone":5,"minecraft:tall_grass":3,"minecraft:spruce_leaves":8,"minecraft:oak_planks":16,"minecraft:diorite":1,"minecraft:birch_planks":4,"minecraft:furnace":7,"minecraft:fire":1,"minecraft:birch_log":13,"minecraft:iron_ore":8,"minecraft:spruce_log":39,"minecraft:grass":3,"minecraft:coal_ore":12,"minecraft:oak_log":36,"minecraft:dirt":44,"minecraft:stone":75,"minecraft:oak_leaves":2,"minecraft:fern":1},"minecraft:custom":{"minecraft:interact_with_furnace":37,"minecraft:mob_kills":22,"minecraft:interact_with_crafting_table":22,"minecraft:leave_game":1,"minecraft:time_since_death":21694,"minecraft:sleep_in_bed":3,"minecraft:time_since_rest":10521,"minecraft:sprint_one_cm":106872,"minecraft:damage_taken":1390,"minecraft:walk_one_cm":249842,"minecraft:damage_blocked_by_shield":800,"minecraft:drop":14,"minecraft:damage_dealt":2916,"minecraft:swim_one_cm":14970,"minecraft:fly_one_cm":103521,"minecraft:open_chest":18,"minecraft:crouch_one_cm":62220,"minecraft:play_time":103051,"minecraft:deaths":2,"minecraft:sneak_time":16781,"minecraft:walk_under_water_one_cm":20426,"minecraft:boat_one_cm":249295,"minecraft:jump":902,"minecraft:walk_on_water_one_cm":8246,"minecraft:total_world_time":103051,"minecraft:fall_one_cm":17902},"minecraft:dropped":{"minecraft:bread":4,"minecraft:stone_axe":1,"minecraft:stone_sword":1,"minecraft:apple":1,"minecraft:cooked_mutton":1,"minecraft:dirt":1,"minecraft:shield":1,"minecraft:wooden_axe":1,"minecraft:spruce_pressure_plate":2,"alexsmobs:serrated_shark_tooth":2,"minecraft:wooden_pickaxe":1},"minecraft:used":{"minecraft:cooked_mutton":5,"minecraft:water_bucket":17,"minecraft:stone_sword":7,"minecraft:spruce_door":1,"minecraft:flint_and_steel":2,"minecraft:birch_planks":56,"minecraft:stone_pickaxe":94,"minecraft:oak_planks":133,"minecraft:chest":2,"minecraft:shield":16,"minecraft:spruce_planks":53,"minecraft:wooden_pickaxe":20,"minecraft:torch":25,"minecraft:dirt":48,"minecraft:crafting_table":10,"minecraft:white_bed":2,"minecraft:spruce_boat":2,"minecraft:lava_bucket":8,"minecraft:spruce_trapdoor":2,"minecraft:stone_axe":168,"minecraft:cobblestone":26,"minecraft:furnace":6,"minecraft:cooked_porkchop":6,"minecraft:bucket":26,"alexsmobs:animal_dictionary":2}},"DataVersion":3120}