{"stats":{"minecraft:killed":{"alexsmobs:seal":1,"minecraft:sheep":4,"minecraft:drowned":1},"minecraft:picked_up":{"minecraft:birch_log":13,"minecraft:charcoal":1,"minecraft:crafting_table":7,"minecraft:oak_log":15,"minecraft:dirt":39,"alexsmobs:serrated_shark_tooth":2,"minecraft:birch_sapling":2,"minecraft:furnace":3,"minecraft:stick":6,"minecraft:torch":5,"minecraft:spruce_sapling":10,"minecraft:spruce_log":42,"minecraft:rotten_flesh":2,"minecraft:spruce_boat":1,"minecraft:oak_sapling":3,"minecraft:mutton":5,"minecraft:coal":24,"minecraft:white_wool":4,"minecraft:cobblestone":35},"minecraft:killed_by":{"cartoon_dweller:cartoon_dweller":1},"minecraft:crafted":{"minecraft:crafting_table":1,"minecraft:spruce_planks":104,"minecraft:wooden_pickaxe":1,"minecraft:spruce_door":3,"minecraft:furnace":1,"minecraft:stone_axe":2,"minecraft:cooked_mutton":5,"minecraft:spruce_pressure_plate":1,"minecraft:air":0,"minecraft:spruce_trapdoor":2,"minecraft:charcoal":15,"minecraft:shield":2,"minecraft:stick":12,"minecraft:iron_ingot":3,"minecraft:stone_pickaxe":1,"minecraft:stone_sword":2,"minecraft:spruce_boat":2,"minecraft:torch":8},"minecraft:mined":{"minecraft:crafting_table":7,"minecraft:torch":4,"minecraft:grass_block":7,"minecraft:spruce_leaves":8,"minecraft:furnace":3,"minecraft:birch_log":13,"minecraft:spruce_log":39,"minecraft:grass":3,"minecraft:coal_ore":12,"minecraft:oak_log":15,"minecraft:dirt":29,"minecraft:stone":35,"minecraft:oak_leaves":2,"minecraft:fern":1},"minecraft:custom":{"minecraft:interact_with_furnace":20,"minecraft:mob_kills":6,"minecraft:interact_with_crafting_table":14,"minecraft:time_since_death":25536,"minecraft:time_since_rest":25748,"minecraft:sprint_one_cm":29822,"minecraft:damage_taken":470,"minecraft:walk_one_cm":64478,"minecraft:drop":6,"minecraft:damage_dealt":619,"minecraft:swim_one_cm":12141,"minecraft:fly_one_cm":29645,"minecraft:open_chest":1,"minecraft:crouch_one_cm":13781,"minecraft:play_time":45260,"minecraft:deaths":1,"minecraft:sneak_time":5377,"minecraft:walk_under_water_one_cm":9838,"minecraft:boat_one_cm":249295,"minecraft:jump":301,"minecraft:walk_on_water_one_cm":5490,"minecraft:total_world_time":45260,"minecraft:fall_one_cm":5963},"minecraft:dropped":{"minecraft:stone_axe":1,"minecraft:stone_sword":1,"minecraft:dirt":1,"minecraft:shield":1,"minecraft:wooden_axe":1,"minecraft:wooden_pickaxe":1},"minecraft:used":{"minecraft:cooked_mutton":2,"minecraft:stone_sword":3,"minecraft:spruce_door":1,"minecraft:stone_pickaxe":30,"minecraft:spruce_planks":53,"minecraft:wooden_pickaxe":20,"minecraft:torch":8,"minecraft:dirt":36,"minecraft:crafting_table":7,"minecraft:spruce_boat":2,"minecraft:spruce_trapdoor":2,"minecraft:stone_axe":88,"minecraft:furnace":2,"alexsmobs:animal_dictionary":2}},"DataVersion":3120}