{"stats":{"minecraft:killed":{"minecraft:pig":2,"alexsmobs:grizzly_bear":1,"alexsmobs:skunk":1,"alexsmobs:seal":1,"alexsmobs:seagull":1,"minecraft:skeleton":3,"minecraft:sheep":4,"minecraft:zombie":6,"alexsmobs:crocodile":1,"minecraft:drowned":1},"minecraft:picked_up":{"minecraft:birch_log":13,"minecraft:charcoal":1,"minecraft:crafting_table":11,"minecraft:birch_planks":4,"minecraft:oak_log":36,"minecraft:dirt":53,"minecraft:cooked_mutton":1,"minecraft:bone":5,"alexsmobs:serrated_shark_tooth":2,"minecraft:apple":1,"minecraft:cobbled_deepslate":3,"minecraft:oak_planks":11,"minecraft:birch_sapling":2,"minecraft:furnace":6,"minecraft:spruce_pressure_plate":1,"minecraft:stick":7,"minecraft:raw_iron":7,"minecraft:cooked_porkchop":2,"minecraft:torch":7,"alexsmobs:crocodile_egg":1,"minecraft:porkchop":12,"minecraft:white_bed":2,"minecraft:spruce_sapling":10,"minecraft:diorite":4,"minecraft:spruce_log":42,"minecraft:arrow":5,"minecraft:rotten_flesh":6,"minecraft:spruce_boat":1,"minecraft:granite":6,"minecraft:oak_sapling":6,"minecraft:mutton":5,"minecraft:coal":37,"minecraft:white_wool":4,"minecraft:cobblestone":53},"minecraft:killed_by":{"minecraft:zombie":1,"cartoon_dweller:cartoon_dweller":1},"minecraft:crafted":{"minecraft:oak_planks":144,"minecraft:cooked_porkchop":4,"minecraft:crafting_table":1,"minecraft:spruce_planks":104,"minecraft:wooden_pickaxe":1,"minecraft:spruce_door":3,"minecraft:furnace":1,"minecraft:bucket":1,"minecraft:birch_planks":52,"minecraft:stone_axe":4,"minecraft:cooked_mutton":5,"minecraft:spruce_pressure_plate":1,"minecraft:air":0,"minecraft:spruce_trapdoor":2,"minecraft:charcoal":15,"minecraft:shield":2,"minecraft:stick":12,"minecraft:iron_ingot":13,"minecraft:stone_pickaxe":1,"minecraft:stone_sword":2,"minecraft:chest":2,"minecraft:white_bed":2,"minecraft:spruce_boat":2,"minecraft:torch":28},"minecraft:mined":{"alexsmobs:skunk_spray":5,"minecraft:white_bed":1,"minecraft:crafting_table":11,"minecraft:torch":4,"minecraft:granite":6,"minecraft:grass_block":11,"minecraft:cobblestone":3,"minecraft:tall_grass":3,"minecraft:spruce_leaves":8,"minecraft:oak_planks":16,"minecraft:diorite":1,"minecraft:birch_planks":4,"minecraft:furnace":6,"minecraft:birch_log":13,"minecraft:iron_ore":8,"minecraft:spruce_log":39,"minecraft:grass":3,"minecraft:coal_ore":12,"minecraft:oak_log":36,"minecraft:dirt":35,"minecraft:stone":58,"minecraft:oak_leaves":2,"minecraft:fern":1},"minecraft:custom":{"minecraft:interact_with_furnace":33,"minecraft:mob_kills":22,"minecraft:interact_with_crafting_table":22,"minecraft:time_since_death":11903,"minecraft:sleep_in_bed":3,"minecraft:time_since_rest":730,"minecraft:sprint_one_cm":90374,"minecraft:damage_taken":1210,"minecraft:walk_one_cm":223618,"minecraft:damage_blocked_by_shield":800,"minecraft:drop":8,"minecraft:damage_dealt":2916,"minecraft:swim_one_cm":14970,"minecraft:fly_one_cm":91975,"minecraft:open_chest":18,"minecraft:crouch_one_cm":57168,"minecraft:play_time":93260,"minecraft:deaths":2,"minecraft:sneak_time":15703,"minecraft:walk_under_water_one_cm":20426,"minecraft:boat_one_cm":249295,"minecraft:jump":774,"minecraft:walk_on_water_one_cm":8246,"minecraft:total_world_time":93260,"minecraft:fall_one_cm":16588},"minecraft:dropped":{"minecraft:stone_axe":1,"minecraft:stone_sword":1,"minecraft:dirt":1,"minecraft:shield":1,"minecraft:wooden_axe":1,"minecraft:spruce_pressure_plate":2,"minecraft:wooden_pickaxe":1},"minecraft:used":{"minecraft:cooked_mutton":5,"minecraft:water_bucket":14,"minecraft:stone_sword":7,"minecraft:spruce_door":1,"minecraft:birch_planks":27,"minecraft:stone_pickaxe":74,"minecraft:oak_planks":133,"minecraft:chest":2,"minecraft:shield":16,"minecraft:spruce_planks":53,"minecraft:wooden_pickaxe":20,"minecraft:torch":25,"minecraft:dirt":43,"minecraft:crafting_table":10,"minecraft:white_bed":2,"minecraft:spruce_boat":2,"minecraft:spruce_trapdoor":2,"minecraft:stone_axe":168,"minecraft:cobblestone":4,"minecraft:furnace":5,"minecraft:cooked_porkchop":4,"minecraft:bucket":15,"alexsmobs:animal_dictionary":2}},"DataVersion":3120}