{"stats":{"minecraft:mined":{"minecraft:furnace":2,"minecraft:spruce_log":39,"minecraft:torch":2,"minecraft:crafting_table":3,"minecraft:grass":2,"minecraft:grass_block":6,"minecraft:coal_ore":12,"minecraft:dirt":27,"minecraft:spruce_leaves":8,"minecraft:stone":35,"minecraft:fern":1},"minecraft:custom":{"minecraft:time_since_rest":7967,"minecraft:interact_with_furnace":20,"minecraft:sprint_one_cm":14625,"minecraft:damage_taken":370,"minecraft:walk_one_cm":50199,"minecraft:mob_kills":4,"minecraft:drop":5,"minecraft:damage_dealt":320,"minecraft:interact_with_crafting_table":7,"minecraft:fly_one_cm":10595,"minecraft:crouch_one_cm":9288,"minecraft:play_time":27479,"minecraft:deaths":1,"minecraft:sneak_time":3990,"minecraft:jump":194,"minecraft:time_since_death":7755,"minecraft:total_world_time":27479,"minecraft:fall_one_cm":2906},"minecraft:dropped":{"minecraft:dirt":1,"minecraft:stone_axe":1,"minecraft:stone_sword":1,"minecraft:wooden_axe":1,"minecraft:wooden_pickaxe":1},"minecraft:used":{"minecraft:cooked_mutton":1,"minecraft:stone_pickaxe":29,"minecraft:spruce_planks":12,"minecraft:wooden_pickaxe":20,"minecraft:spruce_trapdoor":2,"minecraft:stone_axe":48,"minecraft:torch":6,"minecraft:dirt":35,"minecraft:crafting_table":3,"minecraft:furnace":1,"alexsmobs:animal_dictionary":2},"minecraft:picked_up":{"minecraft:charcoal":1,"minecraft:stick":3,"minecraft:crafting_table":3,"minecraft:torch":3,"minecraft:spruce_sapling":10,"minecraft:spruce_log":42,"minecraft:dirt":36,"minecraft:mutton":5,"minecraft:coal":24,"minecraft:white_wool":4,"minecraft:cobblestone":35,"minecraft:furnace":2},"minecraft:killed":{"minecraft:sheep":4},"minecraft:crafted":{"minecraft:spruce_trapdoor":2,"minecraft:charcoal":15,"minecraft:crafting_table":1,"minecraft:stick":12,"minecraft:spruce_planks":40,"minecraft:wooden_pickaxe":1,"minecraft:stone_pickaxe":1,"minecraft:stone_sword":2,"minecraft:furnace":1,"minecraft:torch":8,"minecraft:stone_axe":2,"minecraft:cooked_mutton":5,"minecraft:air":0,"minecraft:spruce_pressure_plate":1},"minecraft:killed_by":{"cartoon_dweller:cartoon_dweller":1}},"DataVersion":3120}