{"stats":{"minecraft:mined":{"minecraft:spruce_log":17,"minecraft:torch":2,"minecraft:crafting_table":3,"minecraft:grass_block":3,"minecraft:coal_ore":12,"minecraft:dirt":13,"minecraft:spruce_leaves":3,"minecraft:stone":34},"minecraft:custom":{"minecraft:time_since_rest":15479,"minecraft:interact_with_furnace":3,"minecraft:sprint_one_cm":1355,"minecraft:walk_one_cm":17385,"minecraft:drop":2,"minecraft:interact_with_crafting_table":7,"minecraft:fly_one_cm":438,"minecraft:crouch_one_cm":3695,"minecraft:play_time":15479,"minecraft:sneak_time":1816,"minecraft:jump":45,"minecraft:time_since_death":15479,"minecraft:total_world_time":15479,"minecraft:fall_one_cm":209},"minecraft:used":{"minecraft:stone_pickaxe":26,"minecraft:wooden_pickaxe":20,"minecraft:spruce_trapdoor":2,"minecraft:stone_axe":15,"minecraft:torch":4,"minecraft:dirt":19,"minecraft:crafting_table":3,"alexsmobs:animal_dictionary":1},"minecraft:dropped":{"minecraft:stone_axe":1,"minecraft:stone_sword":1},"minecraft:picked_up":{"minecraft:stick":1,"minecraft:crafting_table":3,"minecraft:torch":2,"minecraft:spruce_sapling":3,"minecraft:spruce_log":14,"minecraft:dirt":20,"minecraft:coal":13,"minecraft:cobblestone":35},"minecraft:crafted":{"minecraft:spruce_trapdoor":2,"minecraft:charcoal":2,"minecraft:crafting_table":1,"minecraft:stick":12,"minecraft:spruce_planks":32,"minecraft:wooden_pickaxe":1,"minecraft:stone_pickaxe":1,"minecraft:stone_sword":2,"minecraft:furnace":1,"minecraft:torch":8,"minecraft:stone_axe":2,"minecraft:air":0,"minecraft:spruce_pressure_plate":1}},"DataVersion":3120}