{"stats":{"minecraft:picked_up":{"minecraft:charcoal":16,"minecraft:crafting_table":13,"minecraft:ladder":2,"minecraft:shield":1,"minecraft:raw_copper":34,"alexsmobs:serrated_shark_tooth":4,"minecraft:cobbled_deepslate":3,"minecraft:beef":2,"minecraft:oak_boat":1,"minecraft:cobblestone_slab":10,"minecraft:sugar_cane":27,"minecraft:birch_sapling":2,"minecraft:egg":1,"minecraft:furnace":12,"minecraft:spruce_pressure_plate":1,"minecraft:stick":16,"minecraft:raw_iron":9,"minecraft:torch":21,"minecraft:porkchop":17,"minecraft:diorite":51,"minecraft:arrow":7,"minecraft:rotten_flesh":8,"minecraft:mutton":8,"minecraft:white_wool":6,"minecraft:cobblestone":458,"minecraft:birch_log":18,"minecraft:feather":3,"minecraft:cooked_beef":1,"minecraft:andesite":4,"minecraft:brown_wool":1,"minecraft:leather":2,"minecraft:birch_planks":7,"minecraft:oak_log":57,"minecraft:cobblestone_wall":10,"minecraft:cobblestone_stairs":1,"minecraft:dirt":246,"minecraft:cooked_mutton":1,"minecraft:glass":49,"minecraft:bone":7,"minecraft:apple":2,"minecraft:kelp":1,"minecraft:wheat_seeds":58,"minecraft:iron_ingot":4,"minecraft:oak_planks":12,"minecraft:cooked_porkchop":2,"alexsmobs:crocodile_egg":1,"minecraft:gravel":4,"minecraft:sand":77,"minecraft:grass_block":1,"minecraft:spruce_sapling":74,"minecraft:white_bed":7,"minecraft:spruce_log":42,"minecraft:spider_eye":2,"minecraft:spruce_boat":1,"minecraft:granite":9,"minecraft:oak_sapling":13,"minecraft:netherrack":3,"minecraft:coal":56},"minecraft:killed":{"minecraft:witch":1,"alexsmobs:seagull":2,"minecraft:skeleton":4,"minecraft:drowned":1,"minecraft:pig":5,"alexsmobs:grizzly_bear":1,"alexsmobs:skunk":1,"alexsmobs:seal":2,"minecraft:sheep":7,"minecraft:zombie":10,"alexsmobs:crocodile":1,"minecraft:enderman":1,"minecraft:cow":2},"minecraft:crafted":{"minecraft:oak_planks":376,"minecraft:cobblestone_slab":222,"minecraft:stone_shovel":2,"minecraft:furnace":1,"minecraft:cobblestone_stairs":16,"minecraft:cooked_mutton":5,"minecraft:spruce_pressure_plate":1,"minecraft:glass":15,"minecraft:ladder":27,"minecraft:stone_pickaxe":6,"minecraft:cobblestone_wall":240,"minecraft:chest":10,"minecraft:spruce_boat":2,"minecraft:stone_hoe":2,"minecraft:cooked_beef":2,"minecraft:cooked_porkchop":7,"minecraft:crafting_table":3,"minecraft:spruce_planks":104,"minecraft:wooden_pickaxe":1,"minecraft:spruce_door":3,"minecraft:bucket":2,"minecraft:birch_planks":72,"minecraft:stone_axe":4,"minecraft:air":0,"minecraft:oak_boat":2,"minecraft:spruce_trapdoor":2,"minecraft:iron_chestplate":1,"minecraft:charcoal":16,"minecraft:shield":3,"minecraft:stick":148,"minecraft:iron_ingot":14,"minecraft:stone_sword":2,"minecraft:white_bed":2,"minecraft:torch":36},"minecraft:mined":{"alexsmobs:skunk_spray":5,"minecraft:white_bed":6,"minecraft:cobblestone_stairs":1,"minecraft:granite":8,"minecraft:grass_block":138,"minecraft:spruce_leaves":8,"minecraft:furnace":12,"minecraft:iron_ore":10,"minecraft:fire":1,"minecraft:andesite":6,"minecraft:cobblestone_slab":10,"minecraft:stone":410,"minecraft:kelp_plant":3,"minecraft:crafting_table":14,"minecraft:torch":12,"minecraft:copper_ore":4,"minecraft:tall_grass":20,"minecraft:cobblestone":81,"minecraft:sugar_cane":12,"minecraft:oak_planks":16,"minecraft:diorite":42,"minecraft:birch_planks":7,"minecraft:cobblestone_wall":9,"minecraft:birch_log":13,"minecraft:spruce_log":39,"minecraft:grass":18,"minecraft:oak_log":57,"minecraft:coal_ore":31,"minecraft:sand":78,"minecraft:dirt":104,"minecraft:netherrack":1,"minecraft:oak_leaves":2,"minecraft:fern":1},"minecraft:used":{"minecraft:stone_sword":71,"minecraft:flint_and_steel":2,"minecraft:stone_shovel":211,"minecraft:ladder":8,"minecraft:chest":10,"minecraft:spruce_planks":53,"minecraft:shield":49,"minecraft:rotten_flesh":2,"minecraft:stone_hoe":216,"minecraft:iron_chestplate":1,"minecraft:torch":64,"minecraft:dirt":321,"minecraft:mutton":2,"minecraft:cobblestone_wall":230,"minecraft:spruce_boat":2,"minecraft:lava_bucket":24,"minecraft:grass_block":1,"minecraft:furnace":10,"minecraft:egg":1,"minecraft:cooked_beef":7,"minecraft:wheat_seeds":38,"minecraft:cooked_mutton":5,"minecraft:water_bucket":100,"minecraft:diorite":26,"minecraft:cobblestone_stairs":16,"minecraft:spruce_door":1,"minecraft:birch_planks":59,"minecraft:stone_pickaxe":605,"minecraft:oak_planks":135,"minecraft:wooden_pickaxe":20,"minecraft:cobblestone_slab":232,"minecraft:crafting_table":14,"minecraft:white_bed":9,"minecraft:spruce_trapdoor":2,"minecraft:stone_axe":226,"minecraft:cobblestone":148,"minecraft:cooked_porkchop":9,"minecraft:bucket":126,"minecraft:oak_boat":1,"alexsmobs:animal_dictionary":2},"minecraft:broken":{"minecraft:stone_hoe":1,"minecraft:stone_pickaxe":4,"minecraft:shield":1},"minecraft:killed_by":{"corpse_stalker:corpse_stalker":1,"alexsmobs:bison":1,"goatman:goatman":1,"alexsmobs:cachalot_whale":4,"cartoon_dweller:cartoon_dweller":4,"minecraft:skeleton":1,"minecraft:zombie":1,"torture:torture":1},"minecraft:dropped":{"minecraft:bread":4,"minecraft:wheat_seeds":28,"minecraft:feather":1,"minecraft:apple":1,"minecraft:granite":3,"minecraft:stick":1,"minecraft:cobblestone_stairs":1,"minecraft:dirt":3,"minecraft:wooden_axe":1,"minecraft:brown_wool":1,"alexsmobs:serrated_shark_tooth":2,"minecraft:white_wool":2,"minecraft:spruce_sapling":32,"minecraft:stone_axe":1,"minecraft:stone_sword":1,"minecraft:raw_copper":17,"minecraft:cooked_mutton":1,"minecraft:shield":3,"minecraft:andesite":4,"minecraft:spruce_pressure_plate":2,"minecraft:oak_sapling":1,"minecraft:spider_eye":2,"minecraft:wooden_pickaxe":1,"minecraft:stone_pickaxe":2},"minecraft:custom":{"minecraft:mob_kills":39,"minecraft:interact_with_crafting_table":48,"minecraft:leave_game":3,"minecraft:time_since_death":146,"minecraft:climb_one_cm":9201,"minecraft:sprint_one_cm":320266,"minecraft:walk_one_cm":646587,"minecraft:damage_blocked_by_shield":2870,"minecraft:drop":32,"minecraft:play_time":257868,"minecraft:deaths":17,"minecraft:sneak_time":38288,"minecraft:walk_under_water_one_cm":66087,"minecraft:boat_one_cm":272132,"minecraft:jump":2543,"minecraft:walk_on_water_one_cm":44847,"minecraft:total_world_time":257868,"minecraft:interact_with_furnace":53,"minecraft:sleep_in_bed":14,"minecraft:time_since_rest":179,"minecraft:damage_taken":6481,"minecraft:damage_dealt":6280,"minecraft:swim_one_cm":137167,"minecraft:fly_one_cm":415070,"minecraft:open_chest":42,"minecraft:crouch_one_cm":155794,"minecraft:fall_one_cm":66194}},"DataVersion":3120}