{"stats":{"minecraft:killed":{"minecraft:pig":2,"alexsmobs:grizzly_bear":1,"alexsmobs:skunk":1,"alexsmobs:seal":1,"alexsmobs:seagull":1,"minecraft:skeleton":2,"minecraft:sheep":4,"minecraft:zombie":6,"alexsmobs:crocodile":1,"minecraft:drowned":1},"minecraft:picked_up":{"minecraft:birch_log":13,"minecraft:charcoal":1,"minecraft:crafting_table":10,"minecraft:oak_log":36,"minecraft:dirt":53,"minecraft:bone":3,"alexsmobs:serrated_shark_tooth":2,"minecraft:apple":1,"minecraft:cobbled_deepslate":3,"minecraft:oak_planks":10,"minecraft:birch_sapling":2,"minecraft:furnace":4,"minecraft:spruce_pressure_plate":1,"minecraft:stick":7,"minecraft:raw_iron":4,"minecraft:cooked_porkchop":2,"minecraft:torch":7,"alexsmobs:crocodile_egg":1,"minecraft:porkchop":12,"minecraft:spruce_sapling":10,"minecraft:diorite":4,"minecraft:spruce_log":42,"minecraft:arrow":3,"minecraft:rotten_flesh":6,"minecraft:spruce_boat":1,"minecraft:granite":6,"minecraft:oak_sapling":6,"minecraft:mutton":5,"minecraft:coal":34,"minecraft:white_wool":4,"minecraft:cobblestone":38},"minecraft:killed_by":{"cartoon_dweller:cartoon_dweller":1},"minecraft:crafted":{"minecraft:oak_planks":144,"minecraft:cooked_porkchop":4,"minecraft:crafting_table":1,"minecraft:spruce_planks":104,"minecraft:wooden_pickaxe":1,"minecraft:spruce_door":3,"minecraft:furnace":1,"minecraft:bucket":1,"minecraft:stone_axe":3,"minecraft:cooked_mutton":5,"minecraft:spruce_pressure_plate":1,"minecraft:air":0,"minecraft:spruce_trapdoor":2,"minecraft:charcoal":15,"minecraft:shield":2,"minecraft:stick":12,"minecraft:iron_ingot":13,"minecraft:stone_pickaxe":1,"minecraft:stone_sword":2,"minecraft:chest":2,"minecraft:white_bed":2,"minecraft:spruce_boat":2,"minecraft:torch":28},"minecraft:mined":{"alexsmobs:skunk_spray":5,"minecraft:crafting_table":10,"minecraft:torch":4,"minecraft:granite":6,"minecraft:grass_block":11,"minecraft:tall_grass":3,"minecraft:spruce_leaves":8,"minecraft:oak_planks":12,"minecraft:diorite":1,"minecraft:furnace":4,"minecraft:birch_log":13,"minecraft:iron_ore":4,"minecraft:spruce_log":39,"minecraft:grass":3,"minecraft:coal_ore":12,"minecraft:oak_log":36,"minecraft:dirt":35,"minecraft:stone":37,"minecraft:oak_leaves":2,"minecraft:fern":1},"minecraft:custom":{"minecraft:interact_with_furnace":31,"minecraft:mob_kills":21,"minecraft:interact_with_crafting_table":20,"minecraft:time_since_death":61536,"minecraft:sleep_in_bed":2,"minecraft:time_since_rest":2226,"minecraft:sprint_one_cm":80348,"minecraft:damage_taken":1080,"minecraft:walk_one_cm":195311,"minecraft:damage_blocked_by_shield":720,"minecraft:drop":8,"minecraft:damage_dealt":2701,"minecraft:swim_one_cm":14970,"minecraft:fly_one_cm":82052,"minecraft:open_chest":9,"minecraft:crouch_one_cm":39641,"minecraft:play_time":81260,"minecraft:deaths":1,"minecraft:sneak_time":11560,"minecraft:walk_under_water_one_cm":20426,"minecraft:boat_one_cm":249295,"minecraft:jump":690,"minecraft:walk_on_water_one_cm":8246,"minecraft:total_world_time":81260,"minecraft:fall_one_cm":15694},"minecraft:dropped":{"minecraft:stone_axe":1,"minecraft:stone_sword":1,"minecraft:dirt":1,"minecraft:shield":1,"minecraft:wooden_axe":1,"minecraft:spruce_pressure_plate":2,"minecraft:wooden_pickaxe":1},"minecraft:used":{"minecraft:cooked_mutton":5,"minecraft:water_bucket":14,"minecraft:stone_sword":5,"minecraft:spruce_door":1,"minecraft:stone_pickaxe":44,"minecraft:oak_planks":90,"minecraft:chest":2,"minecraft:shield":14,"minecraft:spruce_planks":53,"minecraft:wooden_pickaxe":20,"minecraft:torch":21,"minecraft:dirt":43,"minecraft:crafting_table":10,"minecraft:white_bed":2,"minecraft:spruce_boat":2,"minecraft:spruce_trapdoor":2,"minecraft:stone_axe":156,"minecraft:cobblestone":1,"minecraft:furnace":5,"minecraft:cooked_porkchop":3,"minecraft:bucket":15,"alexsmobs:animal_dictionary":2}},"DataVersion":3120}