{"stats":{"minecraft:killed":{"minecraft:pig":2,"alexsmobs:grizzly_bear":1,"alexsmobs:skunk":1,"alexsmobs:seal":1,"alexsmobs:seagull":1,"minecraft:sheep":4,"minecraft:zombie":1,"alexsmobs:crocodile":1,"minecraft:drowned":1},"minecraft:picked_up":{"minecraft:birch_log":13,"minecraft:charcoal":1,"minecraft:crafting_table":10,"minecraft:oak_log":36,"minecraft:dirt":53,"alexsmobs:serrated_shark_tooth":2,"minecraft:apple":1,"minecraft:oak_planks":4,"minecraft:birch_sapling":2,"minecraft:furnace":4,"minecraft:stick":7,"minecraft:raw_iron":4,"minecraft:cooked_porkchop":2,"minecraft:torch":7,"alexsmobs:crocodile_egg":1,"minecraft:porkchop":12,"minecraft:spruce_sapling":10,"minecraft:diorite":1,"minecraft:spruce_log":42,"minecraft:rotten_flesh":2,"minecraft:spruce_boat":1,"minecraft:oak_sapling":6,"minecraft:mutton":5,"minecraft:coal":34,"minecraft:white_wool":4,"minecraft:cobblestone":37},"minecraft:killed_by":{"cartoon_dweller:cartoon_dweller":1},"minecraft:crafted":{"minecraft:oak_planks":144,"minecraft:cooked_porkchop":4,"minecraft:crafting_table":1,"minecraft:spruce_planks":104,"minecraft:wooden_pickaxe":1,"minecraft:spruce_door":3,"minecraft:furnace":1,"minecraft:bucket":1,"minecraft:stone_axe":3,"minecraft:cooked_mutton":5,"minecraft:spruce_pressure_plate":1,"minecraft:air":0,"minecraft:spruce_trapdoor":2,"minecraft:charcoal":15,"minecraft:shield":2,"minecraft:stick":12,"minecraft:iron_ingot":13,"minecraft:stone_pickaxe":1,"minecraft:stone_sword":2,"minecraft:white_bed":2,"minecraft:spruce_boat":2,"minecraft:torch":28},"minecraft:mined":{"alexsmobs:skunk_spray":5,"minecraft:crafting_table":10,"minecraft:torch":4,"minecraft:grass_block":11,"minecraft:tall_grass":3,"minecraft:spruce_leaves":8,"minecraft:oak_planks":6,"minecraft:diorite":1,"minecraft:furnace":4,"minecraft:birch_log":13,"minecraft:iron_ore":4,"minecraft:spruce_log":39,"minecraft:grass":3,"minecraft:coal_ore":12,"minecraft:oak_log":36,"minecraft:dirt":35,"minecraft:stone":37,"minecraft:oak_leaves":2,"minecraft:fern":1},"minecraft:custom":{"minecraft:interact_with_furnace":31,"minecraft:mob_kills":13,"minecraft:interact_with_crafting_table":19,"minecraft:time_since_death":49536,"minecraft:time_since_rest":49748,"minecraft:sprint_one_cm":68308,"minecraft:damage_taken":550,"minecraft:walk_one_cm":153393,"minecraft:drop":6,"minecraft:damage_dealt":1583,"minecraft:swim_one_cm":14970,"minecraft:fly_one_cm":69681,"minecraft:open_chest":5,"minecraft:crouch_one_cm":33872,"minecraft:play_time":69260,"minecraft:deaths":1,"minecraft:sneak_time":10330,"minecraft:walk_under_water_one_cm":10709,"minecraft:boat_one_cm":249295,"minecraft:jump":575,"minecraft:walk_on_water_one_cm":6552,"minecraft:total_world_time":69260,"minecraft:fall_one_cm":10950},"minecraft:dropped":{"minecraft:stone_axe":1,"minecraft:stone_sword":1,"minecraft:dirt":1,"minecraft:shield":1,"minecraft:wooden_axe":1,"minecraft:wooden_pickaxe":1},"minecraft:used":{"minecraft:cooked_mutton":5,"minecraft:stone_sword":5,"minecraft:spruce_door":1,"minecraft:stone_pickaxe":38,"minecraft:oak_planks":78,"minecraft:spruce_planks":53,"minecraft:wooden_pickaxe":20,"minecraft:torch":18,"minecraft:dirt":43,"minecraft:crafting_table":10,"minecraft:white_bed":2,"minecraft:spruce_boat":2,"minecraft:spruce_trapdoor":2,"minecraft:stone_axe":134,"minecraft:furnace":5,"alexsmobs:animal_dictionary":2}},"DataVersion":3120}