{"stats":{"minecraft:mined":{"minecraft:spruce_log":4,"minecraft:spruce_leaves":3,"minecraft:grass_block":1},"minecraft:custom":{"minecraft:jump":10,"minecraft:time_since_rest":3479,"minecraft:crouch_one_cm":1109,"minecraft:sprint_one_cm":941,"minecraft:play_time":3479,"minecraft:time_since_death":3479,"minecraft:walk_one_cm":1748,"minecraft:sneak_time":424,"minecraft:total_world_time":3479,"minecraft:fall_one_cm":209,"minecraft:fly_one_cm":438},"minecraft:used":{"alexsmobs:animal_dictionary":1,"minecraft:dirt":3},"minecraft:picked_up":{"minecraft:spruce_log":3,"minecraft:dirt":3}},"DataVersion":3120}