{"stats":{"minecraft:picked_up":{"minecraft:charcoal":16,"minecraft:crafting_table":14,"minecraft:wheat":1,"minecraft:ladder":2,"minecraft:shield":1,"minecraft:raw_copper":34,"alexsmobs:serrated_shark_tooth":4,"minecraft:cobbled_deepslate":3,"minecraft:beef":2,"minecraft:oak_boat":3,"minecraft:cobblestone_slab":33,"minecraft:sugar_cane":27,"minecraft:chest":1,"minecraft:birch_sapling":2,"minecraft:furnace":12,"minecraft:egg":1,"minecraft:spruce_pressure_plate":1,"minecraft:stick":17,"minecraft:raw_iron":16,"minecraft:torch":22,"minecraft:porkchop":17,"minecraft:diorite":51,"minecraft:stone_sword":1,"minecraft:arrow":12,"minecraft:rotten_flesh":12,"minecraft:mutton":10,"minecraft:white_wool":6,"minecraft:cobblestone":493,"minecraft:birch_log":18,"minecraft:clock":1,"minecraft:feather":13,"minecraft:cooked_beef":30,"minecraft:andesite":5,"minecraft:brown_wool":1,"minecraft:leather":2,"minecraft:birch_planks":7,"minecraft:oak_log":57,"minecraft:gunpowder":2,"minecraft:cobblestone_wall":10,"minecraft:cobblestone_stairs":1,"minecraft:dirt":304,"minecraft:cooked_mutton":1,"minecraft:glass":49,"minecraft:bone":14,"minecraft:apple":2,"minecraft:kelp":4,"minecraft:wheat_seeds":59,"minecraft:iron_ingot":4,"minecraft:oak_planks":16,"minecraft:cooked_porkchop":2,"alexsmobs:crocodile_egg":1,"minecraft:gravel":4,"minecraft:sand":77,"minecraft:spruce_sapling":74,"minecraft:grass_block":1,"minecraft:white_bed":8,"minecraft:spruce_log":42,"minecraft:spider_eye":2,"minecraft:mossy_cobblestone":2,"minecraft:spruce_boat":1,"minecraft:granite":9,"minecraft:oak_sapling":13,"minecraft:netherrack":3,"minecraft:coal":87,"minecraft:ender_pearl":1},"minecraft:killed":{"minecraft:witch":1,"alexsmobs:seagull":2,"minecraft:skeleton":9,"minecraft:drowned":1,"minecraft:pig":5,"alexsmobs:grizzly_bear":1,"alexsmobs:skunk":1,"alexsmobs:seal":2,"minecraft:creeper":2,"minecraft:sheep":7,"minecraft:zombie":13,"alexsmobs:crocodile":1,"minecraft:enderman":1,"minecraft:cow":2},"minecraft:crafted":{"minecraft:oak_planks":380,"minecraft:cobblestone_slab":228,"minecraft:stone_shovel":3,"minecraft:furnace":4,"minecraft:cobblestone_stairs":16,"minecraft:cooked_mutton":5,"minecraft:spruce_pressure_plate":1,"minecraft:glass":15,"minecraft:iron_boots":1,"minecraft:ladder":27,"minecraft:stone_pickaxe":6,"minecraft:cobblestone_wall":240,"minecraft:chest":14,"minecraft:spruce_boat":2,"minecraft:stone_hoe":2,"minecraft:cooked_beef":2,"minecraft:cooked_porkchop":7,"minecraft:crafting_table":4,"minecraft:spruce_planks":104,"minecraft:wooden_pickaxe":2,"minecraft:spruce_door":3,"minecraft:bucket":2,"minecraft:birch_planks":72,"minecraft:stone_axe":5,"minecraft:air":0,"minecraft:oak_boat":2,"minecraft:spruce_trapdoor":2,"minecraft:iron_chestplate":1,"minecraft:charcoal":16,"minecraft:shield":3,"minecraft:stick":156,"minecraft:andesite_slab":18,"minecraft:iron_ingot":24,"minecraft:stone_sword":2,"minecraft:white_bed":2,"minecraft:torch":36},"minecraft:mined":{"alexsmobs:skunk_spray":5,"minecraft:white_bed":7,"minecraft:mossy_cobblestone":1,"minecraft:cobblestone_stairs":1,"minecraft:granite":8,"minecraft:grass_block":140,"minecraft:spruce_leaves":8,"minecraft:furnace":13,"minecraft:iron_ore":17,"minecraft:fire":1,"minecraft:andesite":7,"minecraft:cobblestone_slab":22,"minecraft:stone":435,"minecraft:glass_pane":1,"minecraft:kelp_plant":4,"minecraft:crafting_table":15,"minecraft:torch":13,"minecraft:chest":1,"minecraft:tall_grass":36,"minecraft:copper_ore":4,"minecraft:cobblestone":84,"minecraft:sugar_cane":12,"minecraft:oak_planks":19,"minecraft:diorite":42,"minecraft:birch_planks":7,"minecraft:cobblestone_wall":9,"minecraft:birch_log":13,"minecraft:wheat":1,"minecraft:spruce_log":39,"minecraft:grass":35,"minecraft:oak_log":57,"minecraft:coal_ore":62,"minecraft:sand":78,"minecraft:dirt":167,"minecraft:netherrack":1,"minecraft:oak_leaves":2,"minecraft:fern":1},"minecraft:used":{"minecraft:stone_sword":107,"minecraft:flint_and_steel":2,"minecraft:stone_shovel":246,"minecraft:ladder":8,"minecraft:chest":15,"minecraft:spruce_planks":53,"minecraft:shield":83,"minecraft:rotten_flesh":2,"minecraft:stone_hoe":218,"minecraft:iron_chestplate":1,"minecraft:torch":65,"minecraft:dirt":365,"minecraft:mutton":2,"minecraft:cobblestone_wall":230,"minecraft:spruce_boat":2,"minecraft:lava_bucket":45,"minecraft:grass_block":1,"minecraft:iron_boots":1,"minecraft:furnace":13,"minecraft:egg":1,"minecraft:cooked_beef":14,"minecraft:wheat_seeds":38,"minecraft:cooked_mutton":5,"minecraft:water_bucket":179,"minecraft:diorite":26,"minecraft:cobblestone_stairs":16,"minecraft:spruce_door":1,"minecraft:birch_planks":59,"minecraft:stone_pickaxe":664,"minecraft:oak_planks":141,"minecraft:andesite_slab":4,"minecraft:wooden_pickaxe":42,"minecraft:cobblestone_slab":258,"minecraft:crafting_table":16,"minecraft:white_bed":10,"minecraft:spruce_trapdoor":2,"minecraft:stone_axe":248,"minecraft:cobblestone":148,"minecraft:cooked_porkchop":9,"minecraft:andesite":12,"minecraft:bucket":226,"minecraft:oak_boat":2,"alexsmobs:animal_dictionary":2},"minecraft:broken":{"minecraft:stone_hoe":1,"minecraft:stone_pickaxe":5,"minecraft:shield":1,"minecraft:stone_axe":1,"minecraft:stone_shovel":1},"minecraft:killed_by":{"corpse_stalker:corpse_stalker":2,"alexsmobs:bison":1,"goatman:goatman":1,"alexsmobs:cachalot_whale":7,"cartoon_dweller:cartoon_dweller":4,"minecraft:skeleton":1,"minecraft:zombie":1,"mokey:mokey":2,"torture:torture":2,"alexsmobs:orca":1},"minecraft:dropped":{"minecraft:stone_hoe":1,"minecraft:bread":4,"minecraft:wheat_seeds":29,"minecraft:cooked_beef":58,"minecraft:mossy_cobblestone":1,"minecraft:feather":3,"minecraft:apple":1,"minecraft:granite":3,"minecraft:stick":1,"minecraft:cobblestone_stairs":1,"minecraft:dirt":3,"minecraft:mutton":2,"minecraft:wooden_axe":1,"minecraft:brown_wool":1,"alexsmobs:serrated_shark_tooth":2,"minecraft:white_wool":2,"minecraft:spruce_sapling":32,"minecraft:stone_axe":1,"minecraft:stone_sword":2,"minecraft:raw_copper":17,"minecraft:cooked_mutton":1,"minecraft:shield":3,"minecraft:andesite":4,"minecraft:spruce_pressure_plate":2,"minecraft:oak_sapling":1,"minecraft:spider_eye":2,"minecraft:wooden_pickaxe":2,"minecraft:stone_pickaxe":2},"minecraft:custom":{"minecraft:mob_kills":50,"minecraft:interact_with_crafting_table":59,"minecraft:leave_game":4,"minecraft:time_since_death":1125,"minecraft:climb_one_cm":13120,"minecraft:sprint_one_cm":406794,"minecraft:walk_one_cm":771303,"minecraft:damage_blocked_by_shield":3990,"minecraft:drop":42,"minecraft:talked_to_villager":1,"minecraft:play_time":313873,"minecraft:sneak_time":42728,"minecraft:deaths":25,"minecraft:walk_under_water_one_cm":98057,"minecraft:boat_one_cm":340434,"minecraft:jump":3271,"minecraft:walk_on_water_one_cm":77035,"minecraft:total_world_time":313873,"minecraft:interact_with_furnace":71,"minecraft:sleep_in_bed":16,"minecraft:time_since_rest":1163,"minecraft:damage_taken":9386,"minecraft:damage_dealt":8625,"minecraft:swim_one_cm":167388,"minecraft:fly_one_cm":564983,"minecraft:open_chest":72,"minecraft:crouch_one_cm":169118,"minecraft:fall_one_cm":87291}},"DataVersion":3120}