{"stats":{"minecraft:picked_up":{"minecraft:charcoal":16,"minecraft:crafting_table":14,"minecraft:wheat":1,"minecraft:ladder":2,"minecraft:shield":1,"minecraft:string":4,"minecraft:raw_copper":34,"alexsmobs:serrated_shark_tooth":4,"minecraft:cobbled_deepslate":28,"minecraft:beef":2,"minecraft:oak_boat":3,"minecraft:cobblestone_slab":33,"minecraft:sugar_cane":27,"minecraft:chest":1,"minecraft:birch_sapling":2,"minecraft:furnace":12,"minecraft:egg":1,"minecraft:spruce_pressure_plate":1,"minecraft:stick":17,"minecraft:raw_iron":48,"minecraft:torch":22,"minecraft:porkchop":17,"minecraft:diorite":51,"minecraft:stone_sword":1,"minecraft:arrow":15,"minecraft:rotten_flesh":13,"minecraft:mutton":10,"minecraft:white_wool":6,"minecraft:cobblestone":493,"minecraft:birch_log":18,"minecraft:clock":1,"minecraft:feather":13,"minecraft:cooked_beef":30,"minecraft:andesite":5,"minecraft:brown_wool":1,"minecraft:leather":2,"minecraft:birch_planks":7,"minecraft:tuff":14,"minecraft:oak_log":57,"minecraft:gunpowder":4,"minecraft:cobblestone_wall":10,"minecraft:cobblestone_stairs":1,"minecraft:lapis_lazuli":1,"minecraft:dirt":305,"minecraft:cooked_mutton":1,"minecraft:glass":49,"minecraft:bone":17,"minecraft:apple":2,"minecraft:kelp":4,"minecraft:bow":1,"minecraft:wheat_seeds":59,"minecraft:iron_ingot":4,"minecraft:oak_planks":16,"minecraft:cooked_porkchop":2,"minecraft:raw_iron_block":1,"alexsmobs:crocodile_egg":1,"minecraft:gravel":5,"minecraft:sand":77,"minecraft:spruce_sapling":74,"minecraft:grass_block":1,"minecraft:white_bed":8,"minecraft:spruce_log":42,"minecraft:spider_eye":5,"minecraft:mossy_cobblestone":2,"minecraft:sugar":1,"minecraft:diamond":11,"minecraft:spruce_boat":1,"alexsmobs:rainbow_jelly":2,"minecraft:granite":9,"minecraft:oak_sapling":13,"minecraft:netherrack":3,"minecraft:coal":87,"minecraft:ender_pearl":1},"minecraft:killed":{"minecraft:witch":2,"minecraft:spider":4,"alexsmobs:seagull":2,"minecraft:skeleton":13,"alexsmobs:comb_jelly":1,"alexsmobs:centipede_head":1,"minecraft:drowned":1,"minecraft:pig":5,"alexsmobs:grizzly_bear":1,"alexsmobs:skunk":1,"alexsmobs:seal":2,"minecraft:creeper":4,"minecraft:sheep":7,"minecraft:zombie":20,"alexsmobs:crocodile":1,"minecraft:enderman":1,"minecraft:cow":2},"minecraft:crafted":{"minecraft:oak_planks":404,"minecraft:raw_iron":9,"minecraft:cobblestone_slab":228,"minecraft:stone_shovel":3,"minecraft:furnace":4,"minecraft:cobblestone_stairs":16,"minecraft:cooked_mutton":5,"minecraft:spruce_pressure_plate":1,"minecraft:glass":15,"minecraft:iron_boots":1,"minecraft:ladder":27,"minecraft:stone_pickaxe":6,"minecraft:cobblestone_wall":240,"minecraft:chest":14,"minecraft:spruce_boat":2,"minecraft:stone_hoe":2,"minecraft:cooked_beef":2,"minecraft:cooked_porkchop":7,"minecraft:crafting_table":4,"minecraft:spruce_planks":104,"minecraft:iron_helmet":1,"minecraft:wooden_pickaxe":2,"minecraft:iron_sword":1,"minecraft:spruce_door":3,"minecraft:bucket":2,"minecraft:birch_planks":72,"minecraft:stone_axe":5,"minecraft:air":0,"minecraft:oak_boat":2,"minecraft:spruce_trapdoor":2,"minecraft:diamond_pickaxe":1,"minecraft:iron_chestplate":2,"minecraft:charcoal":16,"minecraft:shield":4,"minecraft:stick":164,"minecraft:andesite_slab":18,"minecraft:iron_ingot":40,"minecraft:iron_pickaxe":1,"minecraft:stone_sword":2,"minecraft:iron_leggings":1,"minecraft:white_bed":2,"minecraft:torch":36},"minecraft:mined":{"minecraft:tuff":14,"alexsmobs:skunk_spray":5,"minecraft:white_bed":7,"minecraft:mossy_cobblestone":1,"minecraft:deepslate_diamond_ore":9,"minecraft:oak_door":1,"minecraft:cobblestone_stairs":1,"minecraft:granite":8,"minecraft:grass_block":140,"minecraft:spruce_leaves":8,"minecraft:raw_iron_block":1,"minecraft:furnace":13,"minecraft:cobbled_deepslate":1,"minecraft:iron_ore":17,"minecraft:fire":1,"minecraft:andesite":7,"minecraft:deepslate_iron_ore":33,"minecraft:cobblestone_slab":22,"minecraft:stone":435,"minecraft:glass_pane":1,"minecraft:kelp_plant":4,"minecraft:crafting_table":15,"minecraft:torch":14,"minecraft:chest":1,"minecraft:tall_grass":36,"minecraft:copper_ore":4,"minecraft:cobblestone":84,"minecraft:sugar_cane":12,"minecraft:oak_planks":19,"minecraft:diorite":42,"minecraft:birch_planks":7,"minecraft:cobblestone_wall":9,"minecraft:birch_log":13,"minecraft:wheat":1,"minecraft:spruce_log":39,"minecraft:grass":35,"minecraft:oak_log":57,"minecraft:coal_ore":62,"minecraft:gravel":1,"minecraft:sand":78,"minecraft:dirt":168,"minecraft:netherrack":1,"minecraft:deepslate":23,"minecraft:oak_leaves":2,"minecraft:fern":1},"minecraft:used":{"minecraft:stone_sword":107,"minecraft:flint_and_steel":2,"minecraft:stone_shovel":246,"minecraft:ladder":8,"minecraft:chest":15,"minecraft:spruce_planks":53,"minecraft:shield":119,"minecraft:iron_sword":59,"minecraft:rotten_flesh":2,"minecraft:stone_hoe":218,"minecraft:iron_chestplate":2,"minecraft:torch":65,"minecraft:dirt":365,"minecraft:mutton":2,"minecraft:cobblestone_wall":230,"minecraft:tuff":14,"minecraft:spruce_boat":2,"minecraft:lava_bucket":50,"minecraft:grass_block":1,"minecraft:iron_boots":1,"minecraft:furnace":13,"minecraft:egg":1,"minecraft:cooked_beef":31,"minecraft:cobbled_deepslate":20,"minecraft:wheat_seeds":38,"minecraft:cooked_mutton":5,"minecraft:water_bucket":219,"minecraft:diorite":26,"minecraft:cobblestone_stairs":16,"minecraft:spruce_door":1,"minecraft:birch_planks":59,"minecraft:stone_pickaxe":670,"minecraft:oak_planks":141,"minecraft:andesite_slab":4,"minecraft:wooden_pickaxe":42,"minecraft:cobblestone_slab":258,"minecraft:crafting_table":16,"minecraft:white_bed":10,"minecraft:iron_pickaxe":75,"minecraft:spruce_trapdoor":2,"minecraft:stone_axe":266,"minecraft:cobblestone":148,"minecraft:cooked_porkchop":9,"minecraft:andesite":12,"minecraft:bucket":271,"minecraft:oak_boat":2,"alexsmobs:animal_dictionary":2},"minecraft:broken":{"minecraft:iron_chestplate":1,"minecraft:stone_hoe":1,"minecraft:stone_pickaxe":5,"minecraft:shield":2,"minecraft:stone_axe":1,"minecraft:stone_shovel":1},"minecraft:killed_by":{"the_watching_nightmare_updated:chase":1,"minecraft:creeper":1,"corpse_stalker:corpse_stalker":2,"alexsmobs:bison":1,"goatman:goatman":2,"steve_dweller:steve_dweller":1,"alexsmobs:cachalot_whale":7,"cartoon_dweller:cartoon_dweller":5,"mimicer:mimicer":3,"alexsmobs:centipede_head":2,"minecraft:skeleton":1,"minecraft:zombie":1,"mokey:mokey":2,"torture:torture":2,"alexsmobs:orca":1,"cave_dweller:cave_dweller":1},"minecraft:dropped":{"minecraft:stone_hoe":1,"minecraft:bread":4,"minecraft:wheat_seeds":29,"minecraft:cooked_beef":58,"minecraft:mossy_cobblestone":1,"minecraft:diamond":3,"minecraft:feather":3,"minecraft:apple":1,"minecraft:granite":3,"minecraft:stick":1,"minecraft:cobblestone_stairs":1,"minecraft:dirt":3,"minecraft:mutton":2,"minecraft:wooden_axe":1,"minecraft:brown_wool":1,"alexsmobs:serrated_shark_tooth":2,"minecraft:white_wool":2,"minecraft:spruce_sapling":32,"minecraft:stone_axe":1,"minecraft:stone_sword":3,"minecraft:raw_copper":17,"minecraft:cooked_mutton":1,"minecraft:shield":3,"minecraft:andesite":4,"minecraft:spruce_pressure_plate":2,"minecraft:oak_sapling":1,"minecraft:spider_eye":4,"minecraft:wooden_pickaxe":2,"minecraft:stone_pickaxe":2},"minecraft:custom":{"minecraft:mob_kills":70,"minecraft:interact_with_crafting_table":69,"minecraft:leave_game":4,"minecraft:time_since_death":9102,"minecraft:climb_one_cm":13120,"minecraft:sprint_one_cm":524034,"minecraft:walk_one_cm":909056,"minecraft:damage_blocked_by_shield":6010,"minecraft:drop":46,"minecraft:talked_to_villager":1,"minecraft:play_time":367873,"minecraft:sneak_time":45073,"minecraft:deaths":36,"minecraft:walk_under_water_one_cm":124222,"minecraft:boat_one_cm":340434,"minecraft:jump":4498,"minecraft:walk_on_water_one_cm":114028,"minecraft:total_world_time":367873,"minecraft:interact_with_furnace":90,"minecraft:sleep_in_bed":16,"minecraft:time_since_rest":9134,"minecraft:damage_taken":13595,"minecraft:damage_dealt":13260,"minecraft:swim_one_cm":168436,"minecraft:fly_one_cm":809896,"minecraft:open_chest":81,"minecraft:crouch_one_cm":177045,"minecraft:fall_one_cm":123081}},"DataVersion":3120}