{"stats":{"minecraft:picked_up":{"minecraft:birch_log":18,"minecraft:charcoal":13,"minecraft:crafting_table":13,"minecraft:feather":1,"minecraft:cooked_beef":1,"minecraft:andesite":4,"minecraft:brown_wool":1,"minecraft:leather":2,"minecraft:birch_planks":7,"minecraft:oak_log":42,"minecraft:shield":1,"minecraft:dirt":116,"minecraft:cooked_mutton":1,"minecraft:bone":7,"alexsmobs:serrated_shark_tooth":4,"minecraft:apple":1,"minecraft:wheat_seeds":16,"minecraft:cobbled_deepslate":3,"minecraft:iron_ingot":2,"minecraft:beef":2,"minecraft:sugar_cane":27,"minecraft:birch_sapling":2,"minecraft:oak_planks":12,"minecraft:furnace":9,"minecraft:egg":1,"minecraft:raw_iron":7,"minecraft:spruce_pressure_plate":1,"minecraft:stick":10,"minecraft:cooked_porkchop":2,"minecraft:torch":11,"minecraft:gravel":4,"alexsmobs:crocodile_egg":1,"minecraft:porkchop":14,"minecraft:sand":77,"minecraft:spruce_sapling":10,"minecraft:diorite":51,"minecraft:white_bed":5,"minecraft:spruce_log":42,"minecraft:arrow":7,"minecraft:rotten_flesh":6,"minecraft:spruce_boat":1,"minecraft:granite":9,"minecraft:oak_sapling":7,"minecraft:mutton":8,"minecraft:coal":56,"minecraft:white_wool":6,"minecraft:cobblestone":332},"minecraft:killed":{"minecraft:pig":4,"alexsmobs:grizzly_bear":1,"alexsmobs:skunk":1,"alexsmobs:seal":1,"alexsmobs:seagull":1,"minecraft:sheep":7,"minecraft:skeleton":4,"minecraft:zombie":6,"alexsmobs:crocodile":1,"minecraft:drowned":1,"minecraft:cow":2},"minecraft:mined":{"alexsmobs:skunk_spray":5,"minecraft:white_bed":4,"minecraft:crafting_table":13,"minecraft:torch":5,"minecraft:granite":8,"minecraft:grass_block":24,"minecraft:tall_grass":19,"minecraft:cobblestone":20,"minecraft:spruce_leaves":8,"minecraft:oak_planks":16,"minecraft:sugar_cane":12,"minecraft:diorite":42,"minecraft:birch_planks":7,"minecraft:furnace":9,"minecraft:iron_ore":8,"minecraft:birch_log":13,"minecraft:fire":1,"minecraft:spruce_log":39,"minecraft:andesite":6,"minecraft:grass":13,"minecraft:coal_ore":31,"minecraft:oak_log":41,"minecraft:sand":78,"minecraft:dirt":80,"minecraft:stone":330,"minecraft:oak_leaves":2,"minecraft:fern":1},"minecraft:crafted":{"minecraft:cooked_beef":2,"minecraft:oak_planks":148,"minecraft:stone_shovel":2,"minecraft:cooked_porkchop":7,"minecraft:crafting_table":1,"minecraft:spruce_planks":104,"minecraft:wooden_pickaxe":1,"minecraft:spruce_door":3,"minecraft:furnace":1,"minecraft:bucket":1,"minecraft:birch_planks":72,"minecraft:stone_axe":4,"minecraft:spruce_pressure_plate":1,"minecraft:cooked_mutton":5,"minecraft:air":0,"minecraft:glass":15,"minecraft:oak_boat":1,"minecraft:spruce_trapdoor":2,"minecraft:iron_chestplate":1,"minecraft:charcoal":16,"minecraft:shield":3,"minecraft:stick":20,"minecraft:iron_ingot":14,"minecraft:stone_pickaxe":6,"minecraft:stone_sword":2,"minecraft:chest":2,"minecraft:white_bed":2,"minecraft:spruce_boat":2,"minecraft:torch":36},"minecraft:used":{"minecraft:cooked_mutton":5,"minecraft:water_bucket":42,"minecraft:diorite":26,"minecraft:stone_sword":37,"minecraft:spruce_door":1,"minecraft:flint_and_steel":2,"minecraft:birch_planks":59,"minecraft:stone_pickaxe":434,"minecraft:stone_shovel":82,"minecraft:oak_planks":133,"minecraft:chest":2,"minecraft:spruce_planks":53,"minecraft:wooden_pickaxe":20,"minecraft:shield":47,"minecraft:iron_chestplate":1,"minecraft:torch":38,"minecraft:dirt":111,"minecraft:mutton":2,"minecraft:crafting_table":12,"minecraft:white_bed":7,"minecraft:spruce_boat":2,"minecraft:lava_bucket":8,"minecraft:spruce_trapdoor":2,"minecraft:stone_axe":191,"minecraft:cobblestone":59,"minecraft:furnace":10,"minecraft:cooked_porkchop":9,"minecraft:bucket":51,"alexsmobs:animal_dictionary":2,"minecraft:egg":1,"minecraft:cooked_beef":2},"minecraft:killed_by":{"minecraft:zombie":1,"torture:torture":1,"goatman:goatman":1,"cartoon_dweller:cartoon_dweller":1},"minecraft:broken":{"minecraft:stone_pickaxe":3},"minecraft:dropped":{"minecraft:bread":4,"minecraft:stone_axe":1,"minecraft:stone_sword":1,"minecraft:apple":1,"minecraft:granite":3,"minecraft:cooked_mutton":1,"minecraft:dirt":3,"minecraft:shield":3,"minecraft:andesite":4,"minecraft:wooden_axe":1,"minecraft:spruce_pressure_plate":2,"alexsmobs:serrated_shark_tooth":2,"minecraft:stone_pickaxe":2,"minecraft:wooden_pickaxe":1},"minecraft:custom":{"minecraft:interact_with_furnace":52,"minecraft:mob_kills":30,"minecraft:interact_with_crafting_table":28,"minecraft:leave_game":2,"minecraft:time_since_death":27792,"minecraft:sleep_in_bed":9,"minecraft:time_since_rest":27962,"minecraft:sprint_one_cm":198092,"minecraft:damage_taken":2313,"minecraft:walk_one_cm":387353,"minecraft:damage_blocked_by_shield":2680,"minecraft:drop":21,"minecraft:damage_dealt":3902,"minecraft:swim_one_cm":46620,"minecraft:fly_one_cm":245202,"minecraft:open_chest":26,"minecraft:crouch_one_cm":78376,"minecraft:play_time":168005,"minecraft:sneak_time":21582,"minecraft:deaths":4,"minecraft:walk_under_water_one_cm":25384,"minecraft:boat_one_cm":249295,"minecraft:jump":1632,"minecraft:walk_on_water_one_cm":14979,"minecraft:total_world_time":168005,"minecraft:fall_one_cm":35174}},"DataVersion":3120}